Name,Hash,Id,Tag,Tier,Type,Equippable,Power,Masterwork Type, Masterwork Tier,Owner,Locked,Equipped,Year,Season,Event,DTR Rating,# of Reviews,Mobility,Recovery,Resilience,Notes,Perks
"Iron Fellowship Casque","142417051",6917529086321681357,,Legendary,Helmet,hunter,630,Arc Damage Resistance,1,Hunter(639),false,false,2,5,,N/A,N/A,2,1,1,,Mobile Hunter Armor*,Plasteel Reinforcement Mod*,Restorative Mod,Recovery Mod*,Tier 1 Armor*,Iron Strength*,Submachine Gun Targeting*,Heavy Lifting,Special Ammo Finder*,Heavy Ammo Finder
"Wing Contender","1127237110",6917529083836866134,,Legendary,Helmet,hunter,650,Arc Damage Resistance,2,Hunter(639),false,false,2,4,,5,1,1,1,1,,Survivalist Hunter Armor*,Plasteel Reinforcement Mod*,Restorative Mod,Tier 2 Armor*,Metallic Sunrise*,Auto Rifle Targeting,Pulse Rifle Targeting*,Sword Reserves*,Special Ammo Finder
"Scatterhorn Mask","2276115770",6917529085333832327,,Legendary,Helmet,hunter,650,Arc Damage Resistance,1,Hunter(639),false,false,2,4,,N/A,N/A,1,0,2,,Heavy Hunter Armor*,Plasteel Reinforcement Mod*,Restorative Mod,Tier 1 Armor*,Tangled Rust*,Kinetic Weapon Targeting*,Machine Gun Targeting,Shotgun Reserves,Machine Gun Reserves*
"Woven Firesmith Mask","3086191374",6917529084394561644,keep,Legendary,Helmet,hunter,650,Arc Damage Resistance,2,Hunter(639),false,false,2,5,,5,2,1,1,1,,Survivalist Hunter Armor*,Plasteel Reinforcement Mod*,Restorative Mod,Paragon Mod*,Tier 2 Armor*,Indigo Matrix*,Ashes to Assets*,Heavy Lifting,Linear Fusion Rifle Reserves,Heavy Ammo Finder*
"Mask of the Great Hunt","3838639757",6917529081156579843,,Legendary,Helmet,hunter,600,Void Damage Resistance,3,Hunter(639),false,false,2,4,,5,1,1,2,0,,Survivalist Hunter Armor*,Plasteel Reinforcement Mod,Restorative Mod*,Super Mod*,Tier 3 Armor*,Copper and Blood*,Light Reactor,Hands-On,Enhanced Hand Cannon Targeting*,Fusion Rifle Reserves,Special Ammo Finder*
"Reverie Dawn Casque","2824453288",6917529085495455164,,Legendary,Helmet,hunter,650,Arc Damage Resistance,4,Hunter(639),true,false,2,4,,N/A,N/A,1,2,1,,Survivalist Hunter Armor*,Plasteel Reinforcement Mod*,Restorative Mod,Recovery Mod*,Tier 4 Armor*,Safety First*,Shotgun Targeting*,Remote Connection,Power Weapon Targeting,Linear Fusion Rifle Reserves*,Machine Gun Reserves
"Red Moon Phantom Mask","3994031968",6917529083902283369,,Legendary,Helmet,hunter,650,Solar Damage Resistance,1,Hunter(639),false,false,2,4,,N/A,N/A,2,0,1,,Mobile Hunter Armor*,Plasteel Reinforcement Mod*,Restorative Mod,Tier 1 Armor*,Linear Fusion Rifle Targeting*,Shotgun Targeting,Special Ammo Finder*,Heavy Ammo Finder
"Iron Fellowship Grips","1601698634",6917529086342204508,,Legendary,Gauntlets,hunter,631,Solar Damage Resistance,1,Hunter(639),false,false,2,5,,N/A,N/A,3,0,0,,Mobile Hunter Armor*,Mobility Enhancement Mod*,Plasteel Reinforcement Mod,Tier 1 Armor*,Iron Strength*,Impact Induction*,Momentum Transfer,Sword Scavenger*,Special Ammo Finder
"Red Moon Phantom Grips","1601578801",6917529082714652326,,Legendary,Gauntlets,hunter,650,Arc Damage Resistance,1,Hunter(639),false,false,2,4,,N/A,N/A,3,0,0,,Mobile Hunter Armor*,Mobility Enhancement Mod*,Plasteel Reinforcement Mod,Tier 1 Armor*,Grenade Launcher Loader*,Kinetic Weapon Loader,Linear Fusion Rifle Scavenger*,Special Ammo Finder
"Wing Contender","3211001969",6917529085999259536,,Legendary,Chest Armor,hunter,650,Arc Damage Resistance,2,Hunter(639),false,false,2,4,,N/A,N/A,1,1,2,,Survivalist Hunter Armor*,Plasteel Reinforcement Mod*,Restorative Mod,Tier 2 Armor*,Crucible Legacy*,Unflinching Linear Fusion Aim*,Unflinching Sniper Aim,Hand Cannon Reserves*,Scout Rifle Reserves
"Red Moon Phantom Vest","3612275815",6917529069300791933,favorite,Legendary,Chest Armor,hunter,650,Solar Damage Resistance,2,Hunter(639),false,false,2,4,,N/A,N/A,2,1,1,,Mobile Hunter Armor*,Plasteel Reinforcement Mod,Restorative Mod*,Ordnance Mod*,Tier 2 Armor*,Iron Battalion*,Unflinching Auto Rifle Aim,Unflinching Energy Aim*,Scout Rifle Reserves*,Sidearm Reserves
"The Sixth Coyote","4070560771",6917529082273282479,,Exotic,Chest Armor,hunter,650,,,Hunter(639),false,false,2,4,,1,6,1,2,1,,Double Dodge*,Plasteel Reinforcement Mod,Restorative Mod*,Super Mod*,Copper and Blood*,Unflinching Bow Aim,Unflinching Hand Cannon Aim*,Unflinching Energy Aim,Auto Rifle Reserves,Primary Ammo Finder*
"Wing Contender","3211001969",6917529085948272940,,Legendary,Chest Armor,hunter,650,Arc Damage Resistance,2,Hunter(639),false,false,2,4,,N/A,N/A,1,1,2,,Survivalist Hunter Armor*,Plasteel Reinforcement Mod*,Restorative Mod,Tier 2 Armor*,Crucible Legacy*,Unflinching Sidearm Aim*,Unflinching Energy Aim,Sidearm Reserves*,Submachine Gun Reserves
"Wing Contender","1084033161",6917529086307677329,,Legendary,Leg Armor,hunter,650,Solar Damage Resistance,1,Hunter(639),false,false,2,4,,5,2,1,1,1,,Survivalist Hunter Armor*,Mobility Enhancement Mod*,Restorative Mod,Tier 1 Armor*,Crucible Legacy*,Linear Fusion Dexterity*,Perpetuation,Hand Cannon Scavenger*,Submachine Gun Scavenger
"Reverie Dawn Strides","344548395",6917529085213309764,,Legendary,Leg Armor,hunter,631,Solar Damage Resistance,3,Hunter(639),true,false,2,4,,5,1,1,1,1,,Survivalist Hunter Armor*,Mobility Enhancement Mod*,Restorative Mod,Riven's Curse*,Tier 3 Armor*,Burnished Dreams*,Perpetuation*,Traction,Enhanced Bomber,Scout Rifle Scavenger*,Submachine Gun Scavenger
"Vigil of Heroes","2072877132",6917529085633562436,,Legendary,Leg Armor,hunter,631,Void Damage Resistance,3,Hunter(639),false,false,2,4,,N/A,N/A,2,0,1,,Heavy Hunter Armor*,Mobility Enhancement Mod*,Restorative Mod,Tier 3 Armor*,Vanguard Veteran*,Dynamo*,Rifle Dexterity,Auto Rifle Scavenger*,Primary Ammo Finder
"Tangled Web Strides","2206284939",6917529085224884478,,Legendary,Leg Armor,hunter,627,Void Damage Resistance,1,Hunter(639),false,false,2,4,,N/A,N/A,1,1,1,,Survivalist Hunter Armor*,Mobility Enhancement Mod*,Restorative Mod,Super Mod*,Tier 1 Armor*,Grenade Launcher Dexterity*,Pulse Rifle Dexterity,Hand Cannon Scavenger*,Pulse Rifle Scavenger
"Tangled Web Strides","2206284939",6917529086321915838,,Legendary,Leg Armor,hunter,635,Solar Damage Resistance,2,Hunter(639),false,false,2,4,,N/A,N/A,1,1,1,,Survivalist Hunter Armor*,Mobility Enhancement Mod*,Restorative Mod,Tier 2 Armor*,Submachine Gun Dexterity*,Bomber,Auto Rifle Scavenger*,Submachine Gun Scavenger
"Red Moon Phantom Steps","1432831619",6917529086339333602,,Legendary,Leg Armor,hunter,630,Solar Damage Resistance,2,Hunter(639),false,false,2,4,,N/A,N/A,3,0,0,,Mobile Hunter Armor*,Mobility Enhancement Mod*,Restorative Mod,Tier 2 Armor*,Sidearm Dexterity*,Traction,Auto Rifle Scavenger*,Sidearm Scavenger
"Reverie Dawn Cloak","3306564654",6917529082686003843,,Legendary,Hunter Cloak,hunter,622,Arc Damage Resistance,2,Hunter(639),true,false,2,4,,N/A,N/A,0,0,0,,Super Mod*,Tier 2 Armor*,New Age Black Armory*,Innervation,Invigoration,Absolution*,Auto Rifle Scavenger,Hand Cannon Scavenger*
"Wing Contender","1069887756",6917529079470387065,,Legendary,Hunter Cloak,hunter,650,Solar Damage Resistance,3,Hunter(639),false,false,2,4,,N/A,N/A,0,0,0,,Tier 3 Armor*,Metallic Sunrise*,Insulation,Recuperation*,Auto Rifle Reserves*,Hand Cannon Reserves
"Cloak of Five Full Moons","32806262",6917529084053606917,,Legendary,Hunter Cloak,hunter,609,Solar Damage Resistance,4,Hunter(639),false,false,2,4,,N/A,N/A,0,0,0,,Tier 4 Armor*,Insulation,Recuperation*,Linear Fusion Rifle Reserves,Grenade Launcher Scavenger*
"Reverie Dawn Cloak","3306564654",6917529085273770271,,Legendary,Hunter Cloak,hunter,650,Void Damage Resistance,1,Hunter(639),true,false,2,4,,5,1,0,0,0,,Riven's Curse*,Tier 1 Armor*,Iron Battalion*,Insulation,Invigoration,Recuperation*,Fusion Rifle Reserves*,Arrow Scavenger
"Vanguard Dare Cloak","4205222524",6917529084811770898,,Legendary,Hunter Cloak,hunter,650,Arc Damage Resistance,2,Hunter(639),false,false,2,5,,5,19,0,0,0,,Tier 2 Armor*,Innervation*,Recuperation,Linear Fusion Rifle Reserves*,Sword Scavenger
"Tangled Web Cloak","25091086",6917529083978143986,,Legendary,Hunter Cloak,hunter,650,Arc Damage Resistance,1,Hunter(639),false,false,2,4,,5,1,0,0,0,,Tier 1 Armor*,Innervation*,Invigoration,Grenade Launcher Scavenger*,Rocket Launcher Scavenger
"Vigil of Heroes","575676771",6917529084800707251,,Legendary,Helmet,hunter,642,Arc Damage Resistance,2,Hunter(639),false,true,2,4,,N/A,N/A,1,1,1,,Heavy Hunter Armor*,Plasteel Reinforcement Mod,Restorative Mod*,Super Mod*,Tier 2 Armor*,Lilac Bombast*,Auto Rifle Targeting,Precision Weapon Targeting*,Grenade Launcher Reserves*,Machine Gun Reserves
"Tangled Web Grips","3609169817",6917529086010801920,,Legendary,Gauntlets,hunter,633,Arc Damage Resistance,1,Hunter(639),false,true,2,4,,N/A,N/A,2,1,0,,Survivalist Hunter Armor*,Mobility Enhancement Mod*,Plasteel Reinforcement Mod,Super Mod*,Tier 1 Armor*,Impact Induction,Large Weapon Loader*,Grenade Launcher Scavenger*,Special Ammo Finder
"Reverie Dawn Hauberk","1593474975",6917529085495461003,,Legendary,Chest Armor,hunter,650,Solar Damage Resistance,3,Hunter(639),true,true,2,4,,5,1,1,2,2,,Survivalist Hunter Armor*,Plasteel Reinforcement Mod*,Restorative Mod,Recovery Mod*,Tier 3 Armor*,Safety First*,Unflinching Bow Aim,Unflinching Large Arms*,Unflinching Machine Gun,Hand Cannon Reserves*,Special Ammo Finder
"Orpheus Rig","1245809813",6917529084911230014,,Exotic,Leg Armor,hunter,626,,,Hunter(639),false,true,1,1,,5,25,2,0,1,,Safety First*,Uncanny Arrows*,Mobility Enhancement Mod,Plasteel Reinforcement Mod*,Super Mod*,Forest Ranger*,Fusion Rifle Dexterity,Hand Cannon Dexterity,Outreach*,Scout Rifle Scavenger,Special Ammo Finder*
"Prodigal Cloak","1693706589",6917529083986918001,,Legendary,Hunter Cloak,hunter,650,Solar Damage Resistance,1,Hunter(639),false,true,2,4,,N/A,N/A,0,0,0,,Recovery Mod*,Tier 1 Armor*,The Mad Monk*,Innervation,Better Already*,Hand Cannon Reserves*,Shotgun Scavenger
"Reverie Dawn Casque","2824453288",6917529086273062845,,Legendary,Helmet,hunter,630,Arc Damage Resistance,1,Hunter(644),true,false,2,4,,5,1,1,1,1,,Survivalist Hunter Armor*,Plasteel Reinforcement Mod*,Restorative Mod,Riven's Curse*,Tier 1 Armor*,Burnished Dreams*,Bow Targeting*,Ashes to Assets,Heavy Lifting,Shotgun Reserves*,Heavy Ammo Finder
"Reverie Dawn Casque","2824453288",6917529082703956936,,Legendary,Helmet,hunter,600,Arc Damage Resistance,2,Hunter(644),true,false,2,4,,5,1,1,1,1,,Survivalist Hunter Armor*,Plasteel Reinforcement Mod*,Restorative Mod,Riven's Curse*,Tier 2 Armor*,Kairos Black*,Light Reactor,Ashes to Assets*,Hands-On,Linear Fusion Rifle Reserves,Rocket Launcher Reserves*
"Wing Contender","1127237110",6917529086233501348,,Legendary,Helmet,hunter,650,Solar Damage Resistance,2,Hunter(644),false,false,2,4,,N/A,N/A,1,1,1,,Survivalist Hunter Armor*,Plasteel Reinforcement Mod*,Restorative Mod,Tier 2 Armor*,Crucible Legacy*,Remote Connection*,Energy Weapon Targeting,Grenade Launcher Reserves*,Machine Gun Reserves
"Wing Contender","1127237110",6917529086262001223,,Legendary,Helmet,hunter,631,Void Damage Resistance,1,Hunter(644),false,false,2,4,,N/A,N/A,1,1,1,,Survivalist Hunter Armor*,Plasteel Reinforcement Mod*,Restorative Mod,Tier 1 Armor*,Crucible Legacy*,Auto Rifle Targeting*,Submachine Gun Targeting,Linear Fusion Rifle Reserves*,Sword Reserves
"Ancient Apocalypse Mask","629787707",6917529084013636978,,Legendary,Helmet,hunter,650,Arc Damage Resistance,2,Hunter(644),false,false,2,4,,N/A,N/A,2,0,1,,Mobile Hunter Armor*,Plasteel Reinforcement Mod*,Restorative Mod,Tier 2 Armor*,Gambit Leather*,Hand Cannon Targeting*,Energy Weapon Targeting,Linear Fusion Rifle Reserves*,Sword Reserves
"Red Moon Phantom Grips","1601578801",6917529085544619776,,Legendary,Gauntlets,hunter,650,Void Damage Resistance,3,Hunter(644),false,false,2,4,,N/A,N/A,3,0,0,,Mobile Hunter Armor*,Mobility Enhancement Mod*,Plasteel Reinforcement Mod,Tier 3 Armor*,Rifle Loader*,Machine Gun Loader,Rocket Launcher Scavenger*,Sniper Rifle Scavenger
"Reverie Dawn Grasps","1705856569",6917529083407176283,,Legendary,Gauntlets,hunter,583,Void Damage Resistance,2,Hunter(644),true,false,2,4,,5,1,2,1,0,,Survivalist Hunter Armor*,Mobility Enhancement Mod*,Plasteel Reinforcement Mod,Riven's Curse*,Tier 2 Armor*,Burnished Dreams*,Auto Rifle Loader*,Momentum Transfer,Kinetic Weapon Loader,Linear Fusion Rifle Scavenger*,Heavy Ammo Finder
"Wing Contender","2331227463",6917529085228077076,,Legendary,Gauntlets,hunter,650,Solar Damage Resistance,2,Hunter(644),false,false,2,4,,N/A,N/A,2,1,0,,Survivalist Hunter Armor*,Mobility Enhancement Mod*,Plasteel Reinforcement Mod,Tier 2 Armor*,Crucible Legacy*,Fusion Rifle Loader*,Power Weapon Loader,Fusion Rifle Scavenger*,Sniper Rifle Scavenger
"Reverie Dawn Grasps","1705856569",6917529085815224769,,Legendary,Gauntlets,hunter,632,Void Damage Resistance,1,Hunter(644),true,false,2,4,,N/A,N/A,2,1,0,,Survivalist Hunter Armor*,Mobility Enhancement Mod*,Plasteel Reinforcement Mod,Riven's Curse*,Tier 1 Armor*,Burnished Dreams*,Linear Fusion Rifle Loader*,Impact Induction,Enhanced Grenade Launcher Loader,Fusion Rifle Scavenger*,Rocket Launcher Scavenger
"Wing Contender","3211001969",6917529084522602716,,Legendary,Chest Armor,hunter,650,Arc Damage Resistance,2,Hunter(644),false,false,2,4,,N/A,N/A,1,1,2,,Survivalist Hunter Armor*,Plasteel Reinforcement Mod*,Restorative Mod,Tier 2 Armor*,Crucible Legacy*,Unflinching Fusion Rifle Aim*,Unflinching Grenade Launcher Aim,Sidearm Reserves*,Special Ammo Finder
"Reverie Dawn Hauberk","1593474975",6917529084913815929,,Legendary,Chest Armor,hunter,630,Void Damage Resistance,1,Hunter(644),true,false,2,4,,5,1,1,1,2,,Survivalist Hunter Armor*,Plasteel Reinforcement Mod*,Restorative Mod,Riven's Curse*,Tier 1 Armor*,Burnished Dreams*,Unflinching Sidearm Aim*,Unflinching Light Arms Aim,Enhanced Unflinching Linear Fusion Aim,Auto Rifle Reserves*,Special Ammo Finder
"Reverie Dawn Hauberk","1593474975",6917529085286668749,,Legendary,Chest Armor,hunter,632,Arc Damage Resistance,1,Hunter(644),true,false,2,4,,5,1,1,1,2,,Survivalist Hunter Armor*,Plasteel Reinforcement Mod*,Restorative Mod,Riven's Curse*,Tier 1 Armor*,Burnished Dreams*,Unflinching Grenade Launcher Aim*,Unflinching Light Arms Aim,Unflinching Large Arms,Hand Cannon Reserves*,Special Ammo Finder
"Reverie Dawn Hauberk","1593474975",6917529086085369714,,Legendary,Chest Armor,hunter,650,Solar Damage Resistance,2,Hunter(644),true,false,2,4,,N/A,N/A,1,1,2,,Survivalist Hunter Armor*,Plasteel Reinforcement Mod*,Restorative Mod,Riven's Curse*,Tier 2 Armor*,Burnished Dreams*,Unflinching Pulse Rifle Aim*,Unflinching Sidearm Aim,Unflinching Large Arms,Auto Rifle Reserves*,Hand Cannon Reserves
"Reverie Dawn Strides","344548395",6917529082674365207,,Legendary,Leg Armor,hunter,650,Void Damage Resistance,1,Hunter(644),true,false,2,4,,N/A,N/A,1,1,1,,Survivalist Hunter Armor*,Mobility Enhancement Mod*,Restorative Mod,Riven's Curse*,Tier 1 Armor*,Burnished Dreams*,Submachine Gun Dexterity,Power Dexterity,Enhanced Shotgun Dexterity*,Auto Rifle Scavenger,Hand Cannon Scavenger*
"Gemini Jester","1488061763",6917529072866878624,,Exotic,Leg Armor,hunter,600,,,Hunter(644),false,false,1,2,,N/A,N/A,2,1,1,,Misdirection*,Mobility Enhancement Mod,Plasteel Reinforcement Mod*,Recovery Mod*,Trickster*,Distant Earth*,Dynamo,Rifle Dexterity*,Oversize Weapon Dexterity,Auto Rifle Scavenger*,Special Ammo Finder
"St0mp-EE5","1245809814",6917529032928427411,,Exotic,Leg Armor,hunter,600,,,Hunter(644),false,false,1,1,,5,7,2,0,1,,Omolon Camo*,Hydraulic Boosters*,Mobility Enhancement Mod,Plasteel Reinforcement Mod*,Impact Mod*,Bomber*,Primary Ammo Finder*,Turbo-Kickers*
"Fr0st-EE5","574694189",6917529082568246426,,Exotic,Leg Armor,hunter,581,,,Hunter(644),false,false,1,3,,5,2,3,0,0,,Rapid Cooldown*,Mobility Enhancement Mod*,Plasteel Reinforcement Mod,Linear Fusion Dexterity*,Perpetuation,Power Dexterity,Pulse Rifle Scavenger*,Primary Ammo Finder
"Red Moon Phantom Steps","1432831619",6917529083758236273,,Legendary,Leg Armor,hunter,650,Void Damage Resistance,1,Hunter(644),false,false,2,4,,N/A,N/A,3,0,0,,Mobile Hunter Armor*,Mobility Enhancement Mod*,Restorative Mod,Tier 1 Armor*,Hand Cannon Dexterity*,Rifle Dexterity,Scout Rifle Scavenger*,Special Ammo Finder
"Reverie Dawn Cloak","3306564654",6917529083865164031,infuse,Legendary,Hunter Cloak,hunter,626,Solar Damage Resistance,2,Hunter(644),false,false,2,4,,N/A,N/A,0,0,0,,Riven's Curse*,Tier 2 Armor*,Burnished Dreams*,Insulation*,Invigoration,Better Already,Sword Reserves*,Heavy Ammo Finder
"Tangled Web Cloak","25091086",6917529085415572639,,Legendary,Hunter Cloak,hunter,650,Solar Damage Resistance,3,Hunter(644),false,false,2,4,,5,2,0,0,0,,Tier 3 Armor*,Invigoration*,Recuperation,Grenade Launcher Reserves*,Sniper Rifle Scavenger
"Wing Contender","1069887756",6917529084062089472,infuse,Legendary,Hunter Cloak,hunter,650,Solar Damage Resistance,1,Hunter(644),false,false,2,4,,N/A,N/A,0,0,0,,Resilience Mod*,Tier 1 Armor*,Safety First*,Innervation,Recuperation*,Linear Fusion Rifle Reserves*,Heavy Ammo Finder
"Vigil of Heroes","3670149407",6917529085585572454,,Legendary,Hunter Cloak,hunter,650,Arc Damage Resistance,1,Hunter(644),false,false,2,4,,N/A,N/A,0,0,0,,Tier 1 Armor*,Vanguard Veteran*,Insulation*,Invigoration,Sniper Rifle Reserves*,Pulse Rifle Scavenger
"Tangled Web Cloak","25091086",6917529084811772041,,Legendary,Hunter Cloak,hunter,650,Solar Damage Resistance,1,Hunter(644),false,false,2,4,,5,3,0,0,0,,Super Mod*,Tier 1 Armor*,Iron Battalion*,Innervation,Better Already*,Sidearm Reserves,Machine Gun Reserves*
"Iron Fellowship Casque","142417051",6917529086264860658,,Legendary,Helmet,hunter,650,Void Damage Resistance,1,Hunter(644),false,true,2,5,,N/A,N/A,2,0,1,,Mobile Hunter Armor*,Plasteel Reinforcement Mod*,Restorative Mod,Tier 1 Armor*,Iron Strength*,Ashes to Assets*,Power Weapon Targeting,Sniper Rifle Reserves*,Heavy Ammo Finder
"Ancient Apocalypse Grips","2130645994",6917529080554678598,,Legendary,Gauntlets,hunter,650,Void Damage Resistance,1,Hunter(644),false,true,2,4,,N/A,N/A,3,0,0,,Mobile Hunter Armor*,Mobility Enhancement Mod*,Plasteel Reinforcement Mod,Tier 1 Armor*,Gambit Leather*,Hand Cannon Loader*,Rocket Launcher Loader,Special Ammo Finder,Heavy Ammo Finder*
"Iron Fellowship Vest","2753509502",6917529086264857529,,Legendary,Chest Armor,hunter,650,Solar Damage Resistance,1,Hunter(644),false,true,2,5,,N/A,N/A,2,0,2,,Mobile Hunter Armor*,Plasteel Reinforcement Mod*,Restorative Mod,Tier 1 Armor*,Iron Strength*,Unflinching Auto Rifle Aim*,Unflinching Hand Cannon Aim,Sidearm Reserves*,Submachine Gun Reserves
"Reverie Dawn Strides","344548395",6917529086230318563,,Legendary,Leg Armor,hunter,650,Arc Damage Resistance,1,Hunter(644),true,true,2,4,,N/A,N/A,1,1,1,,Survivalist Hunter Armor*,Mobility Enhancement Mod*,Restorative Mod,Riven's Curse*,Tier 1 Armor*,Burnished Dreams*,Bomber*,Outreach,Dynamo,Auto Rifle Scavenger*,Submachine Gun Scavenger
"Iron Fellowship Cloak","2083136519",6917529086120537705,,Legendary,Hunter Cloak,hunter,650,Void Damage Resistance,2,Hunter(644),false,true,2,5,,N/A,N/A,0,0,0,,Tier 2 Armor*,Iron Strength*,Innervation*,Better Already,Fusion Rifle Reserves*,Linear Fusion Rifle Reserves
"Reverie Dawn Casque","2824453288",6917529081337750686,,Legendary,Helmet,hunter,600,Arc Damage Resistance,3,Vault,true,false,2,4,,5,2,1,2,0,,Survivalist Hunter Armor*,Plasteel Reinforcement Mod,Restorative Mod*,Paragon Mod*,Tier 3 Armor*,Iron Battalion*,Ashes to Assets,Enhanced Heavy Lifting*,Enhanced Bow Targeting,Rocket Launcher Reserves,Shotgun Reserves*
"Reverie Dawn Cloak","3306564654",6917529081919419419,,Legendary,Hunter Cloak,hunter,600,Solar Damage Resistance,2,Vault,true,false,2,4,,5,1,0,0,0,,Paragon Mod*,Tier 2 Armor*,Atlantis Wash*,Innervation,Recuperation,Better Already*,Grenade Launcher Reserves*,Submachine Gun Scavenger
"Prodigal Grasps","2762426792",6917529085022317840,,Legendary,Gauntlets,hunter,624,Void Damage Resistance,2,Vault,false,false,2,4,,N/A,N/A,2,1,0,,Survivalist Hunter Armor*,Mobility Enhancement Mod*,Plasteel Reinforcement Mod,Tier 2 Armor*,Fusion Rifle Loader*,Impact Induction,Heavy Ammo Finder*,Machine Gun Scavenger
"Tangled Web Mask","4261835528",6917529084102070299,,Legendary,Helmet,hunter,619,Void Damage Resistance,2,Vault,false,false,2,4,,N/A,N/A,1,1,1,,Survivalist Hunter Armor*,Plasteel Reinforcement Mod*,Restorative Mod,Tier 2 Armor*,Linear Fusion Rifle Targeting*,Sniper Rifle Targeting,Sniper Rifle Reserves*,Sword Reserves
"Vigil of Heroes","3916064886",6917529085621528686,keep,Legendary,Chest Armor,hunter,650,Void Damage Resistance,1,Vault,false,false,2,4,,N/A,N/A,1,2,2,,Heavy Hunter Armor*,Plasteel Reinforcement Mod,Restorative Mod*,Recovery Mod*,Tier 1 Armor*,Safety First*,Unflinching Bow Aim,Unflinching Pulse Rifle Aim*,Sidearm Reserves*,Submachine Gun Reserves
"Ancient Apocalypse Mask","629787707",6917529071306649298,,Legendary,Helmet,hunter,600,Solar Damage Resistance,2,Vault,false,false,2,4,,N/A,N/A,2,1,1,,Mobile Hunter Armor*,Plasteel Reinforcement Mod*,Restorative Mod,Recovery Mod*,Tier 2 Armor*,Lilac Bombast*,Scout Rifle Targeting,Pump Action*,Grenade Launcher Reserves*,Special Ammo Finder
"Prodigal Cloak","1693706589",6917529085504580254,,Legendary,Hunter Cloak,hunter,633,Solar Damage Resistance,1,Vault,false,false,2,4,,N/A,N/A,0,0,0,,Tier 1 Armor*,Insulation*,Recuperation,Shotgun Reserves*,Submachine Gun Scavenger
"Red Moon Phantom Mask","3994031968",6917529085412590845,,Legendary,Helmet,hunter,621,Arc Damage Resistance,3,Vault,false,false,2,4,,N/A,N/A,2,0,1,,Mobile Hunter Armor*,Plasteel Reinforcement Mod*,Restorative Mod,Tier 3 Armor*,Shotgun Targeting*,Machine Gun Targeting,Sword Reserves*,Machine Gun Reserves
"Iron Remembrance Grips","3847368113",6917529079391397328,,Legendary,Gauntlets,hunter,527,Arc Damage Resistance,1,Vault,false,false,2,4,,N/A,N/A,2,0,1,,Heavy Hunter Armor*,Mobility Enhancement Mod*,Plasteel Reinforcement Mod,Tier 1 Armor*,Nebula Rose*,Sidearm Loader*,Large Weapon Loader,Rocket Launcher Scavenger,Special Ammo Finder*
"Scatterhorn Mask","2276115770",6917529084347420204,,Legendary,Helmet,hunter,607,Arc Damage Resistance,1,Vault,false,false,2,4,,5,1,1,0,2,,Heavy Hunter Armor*,Plasteel Reinforcement Mod*,Restorative Mod,Tier 1 Armor*,Tangled Rust*,Remote Connection*,Scatter Projectile Targeting,Sword Reserves*,Heavy Ammo Finder
"Red Moon Phantom Mask","3994031968",6917529085458098685,,Legendary,Helmet,hunter,633,Void Damage Resistance,1,Vault,false,false,2,4,,N/A,N/A,2,0,1,,Mobile Hunter Armor*,Plasteel Reinforcement Mod*,Restorative Mod,Tier 1 Armor*,Pump Action*,Energy Weapon Targeting,Shotgun Reserves*,Special Ammo Finder
"Red Moon Phantom Vest","3612275815",6917529085321596185,,Legendary,Chest Armor,hunter,631,Void Damage Resistance,2,Vault,false,false,2,4,,N/A,N/A,2,0,2,,Mobile Hunter Armor*,Plasteel Reinforcement Mod*,Restorative Mod,Tier 2 Armor*,Unflinching Kinetic Aim*,Unflinching Machine Gun,Hand Cannon Reserves*,Pulse Rifle Reserves
"Oathkeeper","1098931324",6917529084800702600,,Exotic,Gauntlets,hunter,646,,,Vault,false,false,2,4,,1,6,1,2,1,,Adamantine Brace*,Mobility Enhancement Mod,Plasteel Reinforcement Mod*,Recovery Mod*,Iron Battalion*,Scout Rifle Loader,Fastball*,Large Weapon Loader,Linear Fusion Rifle Scavenger*,Special Ammo Finder
"Tangled Web Mask","4261835528",6917529085406773112,,Legendary,Helmet,hunter,633,Arc Damage Resistance,1,Vault,false,false,2,4,,N/A,N/A,1,1,1,,Survivalist Hunter Armor*,Plasteel Reinforcement Mod*,Restorative Mod,Tier 1 Armor*,Pulse Rifle Targeting*,Submachine Gun Targeting,Shotgun Reserves*,Sniper Rifle Reserves
"Scatterhorn Mask","2276115770",6917529084197000834,,Legendary,Helmet,hunter,617,Solar Damage Resistance,1,Vault,false,false,2,4,,5,1,1,1,1,,Heavy Hunter Armor*,Plasteel Reinforcement Mod,Restorative Mod*,Tier 1 Armor*,The Mad Monk*,Auto Rifle Targeting,Ashes to Assets*,Shotgun Reserves,Heavy Ammo Finder*
"Tangled Web Vest","2648545535",6917529086111545744,,Legendary,Chest Armor,hunter,627,Solar Damage Resistance,2,Vault,false,false,2,4,,N/A,N/A,1,1,2,,Survivalist Hunter Armor*,Plasteel Reinforcement Mod*,Restorative Mod,Tier 2 Armor*,Unflinching Auto Rifle Aim*,Unflinching Linear Fusion Aim,Pulse Rifle Reserves*,Sidearm Reserves
"Reverie Dawn Cloak","3306564654",6917529082662988641,junk,Legendary,Hunter Cloak,hunter,600,Arc Damage Resistance,1,Vault,false,false,2,4,,N/A,N/A,0,0,0,,Riven's Curse*,Tier 1 Armor*,Burnished Dreams*,Insulation,Invigoration,Better Already*,Linear Fusion Rifle Scavenger,Special Ammo Finder*
"Prodigal Cloak","1693706589",6917529080217141519,,Legendary,Hunter Cloak,hunter,630,Void Damage Resistance,1,Vault,false,false,2,4,,N/A,N/A,0,0,0,,Tier 1 Armor*,Insulation*,Invigoration,Bow Reserves*,Hand Cannon Scavenger
"Prodigal Cloak","1693706589",6917529085007956493,,Legendary,Hunter Cloak,hunter,626,Solar Damage Resistance,2,Vault,false,false,2,4,,N/A,N/A,0,0,0,,Tier 2 Armor*,Innervation*,Better Already,Linear Fusion Rifle Scavenger*,Sniper Rifle Scavenger
"Scatterhorn Vest","307138509",6917529083881889440,,Legendary,Chest Armor,hunter,642,Void Damage Resistance,2,Vault,false,false,2,4,,N/A,N/A,1,0,3,,Heavy Hunter Armor*,Plasteel Reinforcement Mod*,Restorative Mod,Tier 2 Armor*,Tangled Rust*,Unflinching Grenade Launcher Aim*,Unflinching Machine Gun,Sidearm Reserves*,Submachine Gun Reserves
"Tangled Web Mask","4261835528",6917529084263703590,,Legendary,Helmet,hunter,614,Solar Damage Resistance,1,Vault,false,false,2,4,,5,1,1,1,1,,Survivalist Hunter Armor*,Plasteel Reinforcement Mod*,Restorative Mod,Tier 1 Armor*,Shotgun Targeting*,Heavy Lifting,Grenade Launcher Reserves*,Rocket Launcher Reserves
"Scatterhorn Cloak","2757593792",6917529082688270029,,Legendary,Hunter Cloak,hunter,632,Solar Damage Resistance,1,Vault,false,false,2,4,,N/A,N/A,0,0,0,,Tier 1 Armor*,Tangled Rust*,Insulation,Better Already*,Sidearm Reserves*,Primary Ammo Finder
"Lucky Raspberry","419976111",6917529082574237354,,Exotic,Chest Armor,hunter,581,,,Vault,false,false,1,1,,5,1,2,0,2,,Probability Matrix*,Plasteel Reinforcement Mod*,Restorative Mod,Unflinching Pulse Rifle Aim*,Unflinching Sidearm Aim,Unflinching Large Arms,Hand Cannon Reserves*,Submachine Gun Reserves
"Aeon Swift","1656912113",6917529082579899165,,Exotic,Gauntlets,hunter,581,,,Vault,false,false,1,2,,1,1,2,1,1,,Aeon Energy*,Mobility Enhancement Mod*,Plasteel Reinforcement Mod,Fastball*,Momentum Transfer,Enhanced Shotgun Loader,Linear Fusion Rifle Scavenger*,Shotgun Scavenger
"Cloak of Five Full Moons","32806262",6917529084448224770,,Legendary,Hunter Cloak,hunter,627,Arc Damage Resistance,1,Vault,false,false,2,4,,N/A,N/A,0,0,0,,Tier 1 Armor*,Insulation,Better Already*,Sniper Rifle Scavenger*,Sword Scavenger
"Red Moon Phantom Steps","1432831619",6917529085832990566,,Legendary,Leg Armor,hunter,634,Arc Damage Resistance,1,Vault,false,false,2,4,,N/A,N/A,3,0,0,,Mobile Hunter Armor*,Mobility Enhancement Mod*,Restorative Mod,Tier 1 Armor*,Sidearm Dexterity*,Light Arms Dexterity,Arrow Scavenger*,Hand Cannon Scavenger
"Tangled Web Mask","4261835528",6917529086336473367,,Legendary,Helmet,hunter,635,Arc Damage Resistance,2,Vault,false,false,2,4,,5,1,1,1,1,,Survivalist Hunter Armor*,Plasteel Reinforcement Mod*,Restorative Mod,Tier 2 Armor*,Hands-On*,Scatter Projectile Targeting,Fusion Rifle Reserves*,Rocket Launcher Reserves
"Ancient Apocalypse Vest","3855285278",6917529085389793485,,Legendary,Chest Armor,hunter,648,Void Damage Resistance,2,Vault,false,false,2,4,,N/A,N/A,2,0,2,,Mobile Hunter Armor*,Plasteel Reinforcement Mod*,Restorative Mod,Tier 2 Armor*,Gambit Leather*,Unflinching Linear Fusion Aim*,Unflinching Rifle Aim,Pulse Rifle Reserves*,Submachine Gun Reserves
"Wing Contender","1127237110",6917529080985129302,,Legendary,Helmet,hunter,648,Solar Damage Resistance,1,Vault,false,false,2,4,,5,1,1,1,1,,Survivalist Hunter Armor*,Plasteel Reinforcement Mod*,Restorative Mod,Tier 1 Armor*,Crucible Legacy*,Linear Fusion Rifle Targeting*,Light Reactor,Linear Fusion Rifle Reserves*,Heavy Ammo Finder
"Reverie Dawn Grasps","1705856569",6917529085495457259,,Legendary,Gauntlets,hunter,650,Solar Damage Resistance,1,Vault,true,false,2,4,,N/A,N/A,1,2,1,,Survivalist Hunter Armor*,Mobility Enhancement Mod,Plasteel Reinforcement Mod*,Recovery Mod*,Tier 1 Armor*,Safety First*,Pulse Rifle Loader*,Fastball,Power Weapon Loader,Linear Fusion Rifle Scavenger*,Machine Gun Scavenger
"Scatterhorn Mask","2276115770",6917529085347355611,,Legendary,Helmet,hunter,624,Solar Damage Resistance,1,Vault,false,false,2,4,,5,1,1,0,2,,Heavy Hunter Armor*,Plasteel Reinforcement Mod*,Restorative Mod,Tier 1 Armor*,Tangled Rust*,Submachine Gun Targeting*,Hands-On,Heavy Ammo Finder*,Machine Gun Reserves
"Woven Firesmith Grips","240988159",6917529084276257274,,Legendary,Gauntlets,hunter,650,Solar Damage Resistance,1,Vault,false,false,2,5,,5,1,1,1,1,,Survivalist Hunter Armor*,Mobility Enhancement Mod,Plasteel Reinforcement Mod*,Tier 1 Armor*,Indigo Matrix*,Linear Fusion Rifle Loader,Fastball*,Fusion Rifle Scavenger*,Linear Fusion Rifle Scavenger
"Iron Fellowship Grips","1601698634",6917529086111547081,,Legendary,Gauntlets,hunter,628,Void Damage Resistance,1,Vault,false,false,2,5,,N/A,N/A,3,0,0,,Mobile Hunter Armor*,Mobility Enhancement Mod*,Plasteel Reinforcement Mod,Tier 1 Armor*,Iron Strength*,Momentum Transfer*,Machine Gun Loader,Heavy Ammo Finder*,Machine Gun Scavenger
"Mask of the Great Hunt","3838639757",6917529082659959264,,Legendary,Helmet,hunter,600,Solar Damage Resistance,1,Vault,false,false,2,4,,5,1,1,1,1,,Survivalist Hunter Armor*,Plasteel Reinforcement Mod*,Restorative Mod,Tier 1 Armor*,Sidearm Targeting,Heavy Lifting,Enhanced Bow Targeting*,Fusion Rifle Reserves,Sword Reserves*
"Reverie Dawn Grasps","1705856569",6917529086227708438,,Legendary,Gauntlets,hunter,633,Arc Damage Resistance,1,Vault,true,false,2,4,,N/A,N/A,2,1,0,,Survivalist Hunter Armor*,Mobility Enhancement Mod*,Plasteel Reinforcement Mod,Riven's Curse*,Tier 1 Armor*,Burnished Dreams*,Fusion Rifle Loader*,Scout Rifle Loader,Fastball,Sniper Rifle Scavenger*,Special Ammo Finder
"Reverie Dawn Strides","344548395",6917529086230319035,,Legendary,Leg Armor,hunter,632,Solar Damage Resistance,1,Vault,true,false,2,4,,N/A,N/A,1,1,1,,Survivalist Hunter Armor*,Mobility Enhancement Mod*,Restorative Mod,Riven's Curse*,Tier 1 Armor*,Burnished Dreams*,Linear Fusion Dexterity*,Traction,Dynamo,Scout Rifle Scavenger*,Submachine Gun Scavenger
"Gemini Jester","1488061763",6917529082561937166,,Exotic,Leg Armor,hunter,581,,,Vault,false,false,1,2,,N/A,N/A,3,0,0,,Misdirection*,Mobility Enhancement Mod*,Plasteel Reinforcement Mod,Trickster,Perpetuation*,Bomber,Power Dexterity,Pulse Rifle Scavenger*,Primary Ammo Finder
"Tangled Web Vest","2648545535",6917529084546445434,,Legendary,Chest Armor,hunter,650,Void Damage Resistance,2,Vault,false,false,2,4,,N/A,N/A,1,1,2,,Survivalist Hunter Armor*,Plasteel Reinforcement Mod*,Restorative Mod,Tier 2 Armor*,Unflinching Shotgun Aim*,Unflinching Sniper Aim,Sidearm Reserves*,Submachine Gun Reserves
"Graviton Forfeit","3926392527",6917529056735369836,,Exotic,Helmet,hunter,600,,,Vault,false,false,1,2,,5,1,2,2,0,,Vanishing Shadow*,Plasteel Reinforcement Mod,Restorative Mod*,Mobility Mod*,Mars Sunset*,Hand Cannon Targeting*,Special Ammo Finder*,Rigel Crossroads
"Wing Contender","1084033161",6917529083020862009,,Legendary,Leg Armor,hunter,623,Solar Damage Resistance,1,Vault,false,false,2,4,,5,2,1,1,1,,Survivalist Hunter Armor*,Mobility Enhancement Mod*,Restorative Mod,Tier 1 Armor*,Crucible Legacy*,Kinetic Dexterity*,Rifle Dexterity,Hand Cannon Scavenger*,Scout Rifle Scavenger
"Dragonfly Regalia Grasps","3523029112",6917529076711704541,,Legendary,Gauntlets,hunter,200,Solar Damage Resistance,1,Vault,false,false,2,4,,N/A,N/A,3,0,0,,Tier 1 Armor*,Mobile Hunter Armor*,Mobility Enhancement Mod*,Plasteel Reinforcement Mod,Submachine Gun Loader*,Impact Induction,Rocket Launcher Scavenger*,Heavy Ammo Finder
"Shards of Galanor","1098931325",6917529083851006035,,Exotic,Gauntlets,hunter,631,,,Vault,false,false,2,4,,4.2,28,1,0,2,,Sharp Edges*,Mobility Enhancement Mod,Plasteel Reinforcement Mod*,Super Mod*,Lilac Bombast*,Fusion Rifle Loader,Impact Induction,Enhanced Impact Induction*,Grenade Launcher Scavenger*,Machine Gun Scavenger
"Dragonfly Regalia Mask","2685109601",6917529067054839144,,Legendary,Helmet,hunter,511,Solar Damage Resistance,3,Vault,false,false,2,4,,N/A,N/A,2,0,1,,Tier 3 Armor*,Mobile Hunter Armor*,Plasteel Reinforcement Mod*,Restorative Mod,Ordnance Mod*,Dead Zone Bark*,Fusion Rifle Targeting,Precision Weapon Targeting*,Rocket Launcher Reserves,Sniper Rifle Reserves*
"Ancient Apocalypse Cloak","3184912423",6917529069650854596,,Legendary,Hunter Cloak,hunter,632,Void Damage Resistance,1,Vault,false,false,2,4,,N/A,N/A,0,0,0,,Mobility Mod*,Tier 1 Armor*,Lilac Bombast*,Recuperation,Better Already*,Submachine Gun Reserves,Shotgun Scavenger*
"Reverie Dawn Casque","2824453288",6917529085700952576,,Legendary,Helmet,hunter,631,Solar Damage Resistance,2,Vault,true,false,2,4,,5,2,1,1,1,,Survivalist Hunter Armor*,Plasteel Reinforcement Mod*,Restorative Mod,Riven's Curse*,Tier 2 Armor*,Burnished Dreams*,Hand Cannon Targeting*,Heavy Lifting,Hands-On,Sniper Rifle Reserves*,Sword Reserves
"Red Moon Phantom Mask","3994031968",6917529080379686004,,Legendary,Helmet,hunter,621,Solar Damage Resistance,2,Vault,false,false,2,4,,N/A,N/A,2,0,1,,Mobile Hunter Armor*,Plasteel Reinforcement Mod*,Restorative Mod,Tier 2 Armor*,Linear Fusion Rifle Targeting*,Remote Connection,Grenade Launcher Reserves*,Rocket Launcher Reserves
"Vigil of Heroes","575676771",6917529086073304881,,Legendary,Helmet,hunter,631,Void Damage Resistance,2,Vault,false,false,2,4,,5,2,1,0,2,,Heavy Hunter Armor*,Plasteel Reinforcement Mod*,Restorative Mod,Tier 2 Armor*,Vanguard Veteran*,Pump Action*,Precision Weapon Targeting,Fusion Rifle Reserves*,Heavy Ammo Finder
"Reverie Dawn Casque","2824453288",6917529086233496185,,Legendary,Helmet,hunter,634,Arc Damage Resistance,2,Vault,true,false,2,4,,5,1,1,1,1,,Survivalist Hunter Armor*,Plasteel Reinforcement Mod*,Restorative Mod,Riven's Curse*,Tier 2 Armor*,Burnished Dreams*,Energy Weapon Targeting*,Power Weapon Targeting,Scatter Projectile Targeting,Special Ammo Finder*,Machine Gun Reserves
"Tangled Web Strides","2206284939",6917529084205635942,,Legendary,Leg Armor,hunter,630,Void Damage Resistance,3,Vault,false,false,2,4,,1,1,1,1,1,,Survivalist Hunter Armor*,Mobility Enhancement Mod*,Restorative Mod,Tier 3 Armor*,Auto Rifle Dexterity*,Machine Gun Dexterity,Scout Rifle Scavenger*,Submachine Gun Scavenger
"Ancient Apocalypse Mask","629787707",6917529084016510872,,Legendary,Helmet,hunter,593,Void Damage Resistance,2,Vault,false,false,2,4,,N/A,N/A,2,0,1,,Mobile Hunter Armor*,Plasteel Reinforcement Mod*,Restorative Mod,Tier 2 Armor*,Gambit Leather*,Ashes to Assets*,Remote Connection,Fusion Rifle Reserves*,Grenade Launcher Reserves
"Reverie Dawn Hauberk","1593474975",6917529073852053305,,Legendary,Chest Armor,hunter,609,Arc Damage Resistance,1,Vault,true,false,2,4,,N/A,N/A,2,2,1,,Survivalist Hunter Armor*,Plasteel Reinforcement Mod,Restorative Mod*,Mobility Mod*,Tier 1 Armor*,Atlantis Wash*,Unflinching Bow Aim,Unflinching Hand Cannon Aim*,Unflinching Power Aim,Sidearm Reserves*,Submachine Gun Reserves
"Prodigal Mask","4104298449",6917529085721248835,,Legendary,Helmet,hunter,632,Solar Damage Resistance,4,Vault,false,false,2,4,,N/A,N/A,1,1,1,,Survivalist Hunter Armor*,Plasteel Reinforcement Mod*,Restorative Mod,Tier 4 Armor*,Fusion Rifle Targeting*,Power Weapon Targeting,Fusion Rifle Reserves*,Grenade Launcher Reserves
"Reverie Dawn Strides","344548395",6917529083071572159,,Legendary,Leg Armor,hunter,630,Void Damage Resistance,1,Vault,true,false,2,4,,5,1,1,1,1,,Survivalist Hunter Armor*,Mobility Enhancement Mod*,Restorative Mod,Riven's Curse*,Tier 1 Armor*,Burnished Dreams*,Pulse Rifle Dexterity,Bomber,Enhanced Sniper Rifle Dexterity*,Sidearm Scavenger*,Primary Ammo Finder
"Wing Contender","1084033161",6917529081662692051,,Legendary,Leg Armor,hunter,620,Arc Damage Resistance,3,Vault,false,false,2,4,,5,2,1,1,2,,Survivalist Hunter Armor*,Mobility Enhancement Mod*,Restorative Mod,Resilience Mod*,Tier 3 Armor*,Iron Battalion*,Bow Dexterity*,Linear Fusion Dexterity,Arrow Scavenger*,Special Ammo Finder
"Omega Mechanos Cloak","3947566073",6917529052099717472,,Legendary,Hunter Cloak,hunter,10,,,Vault,false,false,1,2,,N/A,N/A,0,0,0,,Masterwork Upgrade*
"Young Ahamkara's Spine","4284305242",6917529086296343246,,Exotic,Gauntlets,hunter,631,,,Vault,false,false,1,1,,5,3,1,1,1,,Wish-Dragon Teeth*,Mobility Enhancement Mod*,Plasteel Reinforcement Mod,Augmented Wish,Fusion Rifle Loader*,Fastball,Momentum Transfer,Shotgun Scavenger*,Sword Scavenger
"Qiao's Passing","631647398",6917529065425642069,,Legendary,Hunter Cloak,hunter,10,,,Vault,false,false,1,3,,N/A,N/A,0,0,0,,Masterwork Upgrade*
"Reverie Dawn Casque","2824453288",6917529085712943680,,Legendary,Helmet,hunter,631,Arc Damage Resistance,2,Vault,true,false,2,4,,5,1,1,1,1,,Survivalist Hunter Armor*,Plasteel Reinforcement Mod*,Restorative Mod,Riven's Curse*,Tier 2 Armor*,Burnished Dreams*,Sidearm Targeting*,Heavy Lifting,Scatter Projectile Targeting,Linear Fusion Rifle Reserves*,Sword Reserves
"Iron Remembrance Grips","3847368113",6917529079559727420,,Legendary,Gauntlets,hunter,534,Solar Damage Resistance,1,Vault,false,false,2,4,,N/A,N/A,2,0,1,,Heavy Hunter Armor*,Mobility Enhancement Mod*,Plasteel Reinforcement Mod,Tier 1 Armor*,Rusted Iron*,Fastball*,Large Weapon Loader,Linear Fusion Rifle Scavenger*,Sword Scavenger
"Red Moon Phantom Mask","3994031968",6917529085707103366,,Legendary,Helmet,hunter,635,Arc Damage Resistance,2,Vault,false,false,2,4,,N/A,N/A,2,0,1,,Mobile Hunter Armor*,Plasteel Reinforcement Mod*,Restorative Mod,Tier 2 Armor*,Linear Fusion Rifle Targeting*,Machine Gun Targeting,Rocket Launcher Reserves*,Shotgun Reserves
"Prodigal Mask","4104298449",6917529084433958259,,Legendary,Helmet,hunter,606,Arc Damage Resistance,1,Vault,false,false,2,4,,5,1,1,1,1,,Survivalist Hunter Armor*,Plasteel Reinforcement Mod*,Restorative Mod,Tier 1 Armor*,Pulse Rifle Targeting*,Pump Action,Rocket Launcher Reserves*,Heavy Ammo Finder
"Reverie Dawn Hauberk","1593474975",6917529084502216059,,Legendary,Chest Armor,hunter,607,Solar Damage Resistance,1,Vault,true,false,2,4,,N/A,N/A,1,1,2,,Survivalist Hunter Armor*,Plasteel Reinforcement Mod*,Restorative Mod,Riven's Curse*,Tier 1 Armor*,Burnished Dreams*,Unflinching Sniper Aim*,Unflinching Energy Aim,Unflinching Power Aim,Auto Rifle Reserves*,Hand Cannon Reserves
"Iron Fellowship Casque","142417051",6917529086067207289,,Legendary,Helmet,hunter,623,Solar Damage Resistance,2,Vault,false,false,2,5,,N/A,N/A,2,0,1,,Mobile Hunter Armor*,Plasteel Reinforcement Mod*,Restorative Mod,Tier 2 Armor*,Iron Strength*,Pump Action*,Machine Gun Targeting,Sniper Rifle Reserves*,Sword Reserves
"Skerren Corvus Mask","3448772677",6917529080900977565,,Legendary,Helmet,hunter,600,Void Damage Resistance,1,Vault,false,false,2,4,Festival of the Lost,N/A,N/A,2,1,1,,Tier 1 Armor*,Mobile Hunter Armor*,Plasteel Reinforcement Mod*,Restorative Mod,Recovery Mod*,VEIST Fieldscale*,Pump Action*,Remote Connection,Linear Fusion Rifle Reserves*,Shotgun Reserves
"Mask of the Great Hunt","3838639757",6917529079118964390,,Legendary,Helmet,hunter,535,Solar Damage Resistance,1,Vault,false,false,2,4,,5,1,1,1,1,,Survivalist Hunter Armor*,Plasteel Reinforcement Mod*,Restorative Mod,Tier 1 Armor*,Auto Rifle Targeting*,Scout Rifle Targeting,Hands-On,Linear Fusion Rifle Reserves*,Rocket Launcher Reserves
"Red Moon Phantom Mask","3994031968",6917529083135147654,,Legendary,Helmet,hunter,620,Void Damage Resistance,2,Vault,false,false,2,4,,N/A,N/A,2,0,1,,Mobile Hunter Armor*,Plasteel Reinforcement Mod*,Restorative Mod,Tier 2 Armor*,Fusion Rifle Targeting*,Scout Rifle Targeting,Fusion Rifle Reserves*,Sword Reserves
"Reverie Dawn Casque","2824453288",6917529085594194238,,Legendary,Helmet,hunter,632,Arc Damage Resistance,1,Vault,true,false,2,4,,5,1,1,1,1,,Survivalist Hunter Armor*,Plasteel Reinforcement Mod*,Restorative Mod,Riven's Curse*,Tier 1 Armor*,Burnished Dreams*,Bow Targeting*,Fusion Rifle Targeting,Ashes to Assets,Shotgun Reserves*,Sniper Rifle Reserves
"Red Moon Phantom Grips","1601578801",6917529085978138391,,Legendary,Gauntlets,hunter,650,Arc Damage Resistance,1,Vault,false,false,2,4,,N/A,N/A,3,0,0,,Mobile Hunter Armor*,Mobility Enhancement Mod*,Plasteel Reinforcement Mod,Tier 1 Armor*,Power Weapon Loader*,Light Arms Loader,Linear Fusion Rifle Scavenger*,Machine Gun Scavenger
"Prodigal Cloak","1693706589",6917529083782017976,,Legendary,Hunter Cloak,hunter,631,Void Damage Resistance,2,Vault,false,false,2,4,,N/A,N/A,0,0,0,,Tier 2 Armor*,Insulation*,Innervation,Rocket Launcher Reserves*,Sidearm Scavenger
"Wing Contender","1084033161",6917529083461226037,,Legendary,Leg Armor,hunter,600,Solar Damage Resistance,2,Vault,false,false,2,4,,5,3,2,1,1,,Survivalist Hunter Armor*,Mobility Enhancement Mod*,Restorative Mod,Tier 2 Armor*,Crucible Legacy*,Traction*,Kinetic Dexterity,Pulse Rifle Scavenger*,Special Ammo Finder
"Reverie Dawn Grasps","1705856569",6917529085516741236,,Legendary,Gauntlets,hunter,633,Void Damage Resistance,1,Vault,true,false,2,4,,N/A,N/A,2,1,0,,Survivalist Hunter Armor*,Mobility Enhancement Mod*,Plasteel Reinforcement Mod,Riven's Curse*,Tier 1 Armor*,Burnished Dreams*,Scout Rifle Loader*,Sniper Rifle Loader,Machine Gun Loader,Shotgun Scavenger*,Sniper Rifle Scavenger
"Frostveil Vest","1987263977",6917529085645167950,,Legendary,Chest Armor,hunter,10,Solar Damage Resistance,1,Vault,false,false,2,5,Dawning,5,1,1,0,3,,Tier 1 Armor*,Heavy Hunter Armor*,Plasteel Reinforcement Mod*,Restorative Mod,Nebula Rose*,Unflinching Auto Rifle Aim*,Unflinching Power Aim,Auto Rifle Reserves*,Special Ammo Finder
"Abhorrent Imperative Cloak","2039043276",6917529082686011243,,Legendary,Hunter Cloak,hunter,380,,,Vault,false,false,1,3,,N/A,N/A,0,0,0,,Masterwork Upgrade*
"Woven Firesmith Vest","2791841721",6917529084451356845,,Legendary,Chest Armor,hunter,633,Arc Damage Resistance,2,Vault,false,false,2,5,,N/A,N/A,1,1,2,,Survivalist Hunter Armor*,Plasteel Reinforcement Mod*,Restorative Mod,Super Mod*,Tier 2 Armor*,Indigo Matrix*,Unflinching Scout Rifle Aim,Unflinching Large Arms*,Hand Cannon Reserves*,Sidearm Reserves
"Tangled Web Grips","3609169817",6917529082036593119,,Legendary,Gauntlets,hunter,650,Arc Damage Resistance,1,Vault,false,false,2,4,,N/A,N/A,1,1,1,,Survivalist Hunter Armor*,Mobility Enhancement Mod,Plasteel Reinforcement Mod*,Tier 1 Armor*,Pulse Rifle Loader*,Sniper Rifle Loader,Special Ammo Finder,Heavy Ammo Finder*
"Reverie Dawn Strides","344548395",6917529085273771013,,Legendary,Leg Armor,hunter,629,Void Damage Resistance,1,Vault,true,false,2,4,,N/A,N/A,1,1,1,,Survivalist Hunter Armor*,Mobility Enhancement Mod*,Restorative Mod,Riven's Curse*,Tier 1 Armor*,Burnished Dreams*,Outreach*,Power Dexterity,Enhanced Rocket Launcher Dexterity,Pulse Rifle Scavenger*,Sidearm Scavenger
"Reverie Dawn Grasps","1705856569",6917529086227707409,,Legendary,Gauntlets,hunter,623,Solar Damage Resistance,2,Vault,true,false,2,4,,N/A,N/A,2,1,0,,Survivalist Hunter Armor*,Mobility Enhancement Mod*,Plasteel Reinforcement Mod,Riven's Curse*,Tier 2 Armor*,Burnished Dreams*,Auto Rifle Loader*,Impact Induction,Kinetic Weapon Loader,Fusion Rifle Scavenger*,Shotgun Scavenger
"Iron Remembrance Grips","3847368113",6917529071941899085,,Legendary,Gauntlets,hunter,552,Void Damage Resistance,1,Vault,false,false,2,4,,N/A,N/A,1,1,2,,Heavy Hunter Armor*,Mobility Enhancement Mod,Plasteel Reinforcement Mod*,Recovery Mod*,Tier 1 Armor*,Echoes of Io*,Submachine Gun Loader,Energy Weapon Loader*,Grenade Launcher Scavenger*,Special Ammo Finder
"Tangled Web Strides","2206284939",6917529083285708783,,Legendary,Leg Armor,hunter,581,Void Damage Resistance,2,Vault,false,false,2,4,,N/A,N/A,1,1,1,,Survivalist Hunter Armor*,Mobility Enhancement Mod*,Restorative Mod,Tier 2 Armor*,Grenade Launcher Dexterity*,Machine Gun Dexterity,Sidearm Scavenger*,Primary Ammo Finder
"Dragonfly Regalia Strides","1558296754",6917529079182678546,,Legendary,Leg Armor,hunter,10,Solar Damage Resistance,2,Vault,false,false,2,4,,N/A,N/A,3,0,0,,Tier 2 Armor*,Mobile Hunter Armor*,Mobility Enhancement Mod*,Plasteel Reinforcement Mod,Auto Rifle Dexterity,Outreach*,Hand Cannon Scavenger*,Scout Rifle Scavenger
"Reverie Dawn Casque","2824453288",6917529085801399205,,Legendary,Helmet,hunter,631,Solar Damage Resistance,2,Vault,true,false,2,4,,5,1,1,1,1,,Survivalist Hunter Armor*,Plasteel Reinforcement Mod*,Restorative Mod,Riven's Curse*,Tier 2 Armor*,Burnished Dreams*,Fusion Rifle Targeting*,Sniper Rifle Targeting,Pump Action,Shotgun Reserves*,Machine Gun Reserves
"Reverie Dawn Grasps","1705856569",6917529085966192329,,Legendary,Gauntlets,hunter,635,Arc Damage Resistance,1,Vault,true,false,2,4,,N/A,N/A,2,1,0,,Survivalist Hunter Armor*,Mobility Enhancement Mod*,Plasteel Reinforcement Mod,Riven's Curse*,Tier 1 Armor*,Burnished Dreams*,Fastball*,Rifle Loader,Machine Gun Loader,Grenade Launcher Scavenger*,Shotgun Scavenger
"Reverie Dawn Hauberk","1593474975",6917529083969551988,,Legendary,Chest Armor,hunter,601,Solar Damage Resistance,1,Vault,true,false,2,4,,N/A,N/A,1,1,2,,Survivalist Hunter Armor*,Plasteel Reinforcement Mod*,Restorative Mod,Riven's Curse*,Tier 1 Armor*,Burnished Dreams*,Unflinching Bow Aim*,Unflinching Light Arms Aim,Unflinching Machine Gun,Bow Reserves*,Sidearm Reserves
"Gwisin Vest","4070560770",6917529083264334369,,Exotic,Chest Armor,hunter,600,,,Vault,false,false,2,4,,5,9,3,0,2,,Roving Assassin*,Plasteel Reinforcement Mod*,Restorative Mod,Mobility Mod*,Iron Battalion*,Unflinching Linear Fusion Aim,Unflinching Sniper Aim,Unflinching Large Arms*,Hand Cannon Reserves*,Submachine Gun Reserves
"Vanguard Dare Casque","2754217990",6917529084926816424,,Legendary,Helmet,hunter,10,Solar Damage Resistance,2,Vault,false,false,2,5,,5,1,1,1,1,,Tier 2 Armor*,Survivalist Hunter Armor*,Plasteel Reinforcement Mod*,Restorative Mod,Fusion Rifle Targeting*,Power Weapon Targeting,Sword Reserves*,Heavy Ammo Finder
"Reverie Dawn Casque","2824453288",6917529084537223750,,Legendary,Helmet,hunter,631,Solar Damage Resistance,1,Vault,true,false,2,4,,N/A,N/A,1,1,1,,Survivalist Hunter Armor*,Plasteel Reinforcement Mod*,Restorative Mod,Riven's Curse*,Tier 1 Armor*,Burnished Dreams*,Linear Fusion Rifle Targeting,Ashes to Assets,Energy Weapon Targeting*,Rocket Launcher Reserves*,Sword Reserves
"Skerren Corvus Vest","654307116",6917529079544589503,,Legendary,Chest Armor,hunter,137,Solar Damage Resistance,1,Vault,false,false,2,4,Festival of the Lost,N/A,N/A,2,0,2,,Tier 1 Armor*,Mobile Hunter Armor*,Plasteel Reinforcement Mod*,Restorative Mod,Kairos Black*,Unflinching Bow Aim,Unflinching Shotgun Aim*,Auto Rifle Reserves,Special Ammo Finder*
"Reverie Dawn Casque","2824453288",6917529085300702080,,Legendary,Helmet,hunter,623,Arc Damage Resistance,2,Vault,true,false,2,4,,5,2,1,1,1,,Survivalist Hunter Armor*,Plasteel Reinforcement Mod*,Restorative Mod,Riven's Curse*,Tier 2 Armor*,Burnished Dreams*,Light Reactor*,Kinetic Weapon Targeting,Enhanced Bow Targeting,Fusion Rifle Reserves*,Heavy Ammo Finder
"Wing Contender","1127237110",6917529084425204908,,Legendary,Helmet,hunter,650,Void Damage Resistance,2,Vault,false,false,2,4,,N/A,N/A,1,1,1,,Survivalist Hunter Armor*,Plasteel Reinforcement Mod*,Restorative Mod,Tier 2 Armor*,Crucible Metallic*,Bow Targeting,Hand Cannon Targeting*,Linear Fusion Rifle Reserves*,Rocket Launcher Reserves
"Qiao's Heart","2798295255",6917529055883429487,,Legendary,Chest Armor,hunter,323,,,Vault,false,false,1,3,,N/A,N/A,2,0,2,,Masterwork Upgrade*,Mobile Hunter Armor*,Plasteel Reinforcement Mod*,Restorative Mod,Kinetic Munition Loader*
"Frostveil Mask","2891490654",6917529085513581032,,Legendary,Helmet,hunter,10,Void Damage Resistance,2,Vault,false,false,2,5,Dawning,5,1,1,0,2,,Tier 2 Armor*,Heavy Hunter Armor*,Plasteel Reinforcement Mod*,Restorative Mod,Nebula Rose*,Pulse Rifle Targeting*,Pump Action,Linear Fusion Rifle Reserves*,Shotgun Reserves
"Prodigal Cloak","1693706589",6917529084453651521,,Legendary,Hunter Cloak,hunter,608,Void Damage Resistance,1,Vault,false,false,2,4,,N/A,N/A,0,0,0,,Tier 1 Armor*,Innervation*,Recuperation,Sniper Rifle Reserves*,Arrow Scavenger
"Scatterhorn Strides","2563857333",6917529085315587406,,Legendary,Leg Armor,hunter,650,Solar Damage Resistance,1,Vault,false,false,2,4,,N/A,N/A,2,0,1,,Heavy Hunter Armor*,Mobility Enhancement Mod*,Plasteel Reinforcement Mod,Tier 1 Armor*,Tangled Rust*,Shotgun Dexterity*,Power Dexterity,Sidearm Scavenger*,Submachine Gun Scavenger
"Tangled Web Grips","3609169817",6917529080682634556,,Legendary,Gauntlets,hunter,632,Arc Damage Resistance,3,Vault,false,false,2,4,,N/A,N/A,2,1,0,,Survivalist Hunter Armor*,Mobility Enhancement Mod*,Plasteel Reinforcement Mod,Tier 3 Armor*,Power Weapon Loader*,Light Arms Loader,Special Ammo Finder,Heavy Ammo Finder*
"Vigil of Heroes","1247181362",6917529083986919376,,Legendary,Gauntlets,hunter,650,Arc Damage Resistance,2,Vault,false,false,2,4,,N/A,N/A,1,0,2,,Heavy Hunter Armor*,Mobility Enhancement Mod,Plasteel Reinforcement Mod*,Tier 2 Armor*,The Mad Monk*,Grenade Launcher Loader,Energy Weapon Loader*,Linear Fusion Rifle Scavenger,Shotgun Scavenger*
"Tangled Web Strides","2206284939",6917529085585580097,,Legendary,Leg Armor,hunter,630,Solar Damage Resistance,2,Vault,false,false,2,4,,N/A,N/A,1,1,1,,Survivalist Hunter Armor*,Mobility Enhancement Mod*,Restorative Mod,Tier 2 Armor*,Perpetuation*,Machine Gun Dexterity,Hand Cannon Scavenger*,Pulse Rifle Scavenger
"Prodigal Mask","4104298449",6917529083071572684,,Legendary,Helmet,hunter,617,Arc Damage Resistance,2,Vault,false,false,2,4,,5,1,1,1,1,,Survivalist Hunter Armor*,Plasteel Reinforcement Mod*,Restorative Mod,Tier 2 Armor*,Pump Action*,Kinetic Weapon Targeting,Linear Fusion Rifle Reserves*,Sniper Rifle Reserves
"Tangled Web Strides","2206284939",6917529085375775187,,Legendary,Leg Armor,hunter,629,Void Damage Resistance,2,Vault,false,false,2,4,,1,1,1,1,1,,Survivalist Hunter Armor*,Mobility Enhancement Mod*,Restorative Mod,Tier 2 Armor*,Fusion Rifle Dexterity*,Light Arms Dexterity,Scout Rifle Scavenger*,Sidearm Scavenger
"Iron Fellowship Strides","258029924",6917529086224871577,,Legendary,Leg Armor,hunter,628,Arc Damage Resistance,2,Vault,false,false,2,5,,N/A,N/A,4,0,0,,Mobile Hunter Armor*,Mobility Enhancement Mod*,Restorative Mod,Tier 2 Armor*,Iron Strength*,Traction*,Outreach,Hand Cannon Scavenger*,Scout Rifle Scavenger
"Reverie Dawn Casque","2824453288",6917529082665700129,,Legendary,Helmet,hunter,600,Solar Damage Resistance,2,Vault,true,false,2,4,,5,3,1,1,1,,Survivalist Hunter Armor*,Plasteel Reinforcement Mod*,Restorative Mod,Riven's Curse*,Tier 2 Armor*,Burnished Dreams*,Hand Cannon Targeting*,Light Reactor,Precision Weapon Targeting,Shotgun Reserves*,Sniper Rifle Reserves
"Red Moon Phantom Mask","3994031968",6917529083989778417,,Legendary,Helmet,hunter,616,Solar Damage Resistance,1,Vault,false,false,2,4,,N/A,N/A,2,0,1,,Mobile Hunter Armor*,Plasteel Reinforcement Mod*,Restorative Mod,Tier 1 Armor*,Pulse Rifle Targeting*,Sidearm Targeting,Fusion Rifle Reserves*,Sword Reserves
"Tangled Web Mask","4261835528",6917529084853692601,,Legendary,Helmet,hunter,617,Solar Damage Resistance,1,Vault,false,false,2,4,,5,1,1,1,1,,Survivalist Hunter Armor*,Plasteel Reinforcement Mod*,Restorative Mod,Tier 1 Armor*,Scout Rifle Targeting*,Remote Connection,Fusion Rifle Reserves*,Heavy Ammo Finder
"Reverie Dawn Hauberk","1593474975",6917529085216344024,,Legendary,Chest Armor,hunter,628,Arc Damage Resistance,1,Vault,true,false,2,4,,N/A,N/A,1,1,2,,Survivalist Hunter Armor*,Plasteel Reinforcement Mod*,Restorative Mod,Riven's Curse*,Tier 1 Armor*,Burnished Dreams*,Unflinching Hand Cannon Aim*,Unflinching Pulse Rifle Aim,Unflinching Sniper Aim,Submachine Gun Reserves*,Primary Ammo Finder
"Tangled Web Grips","3609169817",6917529085151747850,,Legendary,Gauntlets,hunter,628,Void Damage Resistance,2,Vault,false,false,2,4,,N/A,N/A,2,1,0,,Survivalist Hunter Armor*,Mobility Enhancement Mod*,Plasteel Reinforcement Mod,Tier 2 Armor*,Shotgun Loader*,Momentum Transfer,Special Ammo Finder*,Heavy Ammo Finder
"Reverie Dawn Cloak","3306564654",6917529086227711617,,Legendary,Hunter Cloak,hunter,632,Arc Damage Resistance,3,Vault,true,false,2,4,,N/A,N/A,0,0,0,,Riven's Curse*,Tier 3 Armor*,Burnished Dreams*,Insulation*,Invigoration,Better Already,Grenade Launcher Reserves*,Grenade Launcher Scavenger
"Tangled Web Grips","3609169817",6917529085342574378,,Legendary,Gauntlets,hunter,626,Solar Damage Resistance,1,Vault,false,false,2,4,,N/A,N/A,2,1,0,,Survivalist Hunter Armor*,Mobility Enhancement Mod*,Plasteel Reinforcement Mod,Tier 1 Armor*,Momentum Transfer*,Light Arms Loader,Grenade Launcher Scavenger*,Shotgun Scavenger
"Woven Firesmith Boots","3457205569",6917529084661268683,,Legendary,Leg Armor,hunter,650,Void Damage Resistance,4,Vault,false,false,2,5,,5,1,0,1,2,,Survivalist Hunter Armor*,Mobility Enhancement Mod,Plasteel Reinforcement Mod*,Tier 4 Armor*,Indigo Matrix*,Perpetuation,Light Arms Dexterity*,Arrow Scavenger,Special Ammo Finder*
"Tangled Web Mask","4261835528",6917529084702690347,,Legendary,Helmet,hunter,620,Arc Damage Resistance,2,Vault,false,false,2,4,,5,1,1,1,1,,Survivalist Hunter Armor*,Plasteel Reinforcement Mod*,Restorative Mod,Tier 2 Armor*,Sidearm Targeting*,Pump Action,Rocket Launcher Reserves*,Heavy Ammo Finder
"Tangled Web Mask","4261835528",6917529084658379827,,Legendary,Helmet,hunter,617,Void Damage Resistance,2,Vault,false,false,2,4,,N/A,N/A,1,1,1,,Survivalist Hunter Armor*,Plasteel Reinforcement Mod*,Restorative Mod,Tier 2 Armor*,Sidearm Targeting*,Pump Action,Sniper Rifle Reserves*,Machine Gun Reserves
"Reverie Dawn Grasps","1705856569",6917529083264337780,,Legendary,Gauntlets,hunter,582,Arc Damage Resistance,2,Vault,true,false,2,4,,N/A,N/A,2,1,0,,Survivalist Hunter Armor*,Mobility Enhancement Mod*,Plasteel Reinforcement Mod,Riven's Curse*,Tier 2 Armor*,Burnished Dreams*,Auto Rifle Loader*,Rifle Loader,Enhanced Momentum Transfer,Fusion Rifle Scavenger*,Machine Gun Scavenger
"Prodigal Strides","3397835010",6917529084684566423,,Legendary,Leg Armor,hunter,622,Void Damage Resistance,1,Vault,false,false,2,4,,N/A,N/A,1,1,1,,Survivalist Hunter Armor*,Mobility Enhancement Mod*,Restorative Mod,Tier 1 Armor*,Fusion Rifle Dexterity*,Outreach,Hand Cannon Scavenger*,Submachine Gun Scavenger
"Reverie Dawn Grasps","1705856569",6917529085621523943,,Legendary,Gauntlets,hunter,631,Arc Damage Resistance,2,Vault,true,false,2,4,,N/A,N/A,2,1,0,,Survivalist Hunter Armor*,Mobility Enhancement Mod*,Plasteel Reinforcement Mod,Riven's Curse*,Tier 2 Armor*,Burnished Dreams*,Momentum Transfer*,Light Arms Loader,Rifle Loader,Fusion Rifle Scavenger*,Sword Scavenger
"Wing Contender","2331227463",6917529083916635261,,Legendary,Gauntlets,hunter,647,Arc Damage Resistance,2,Vault,false,false,2,4,,N/A,N/A,1,1,1,,Survivalist Hunter Armor*,Mobility Enhancement Mod,Plasteel Reinforcement Mod*,Tier 2 Armor*,VEIST Fieldscale*,Energy Weapon Loader,Large Weapon Loader*,Rocket Launcher Scavenger,Sword Scavenger*
"Reverie Dawn Strides","344548395",6917529085498405029,,Legendary,Leg Armor,hunter,650,Void Damage Resistance,3,Vault,true,false,2,4,,5,4,1,1,1,,Survivalist Hunter Armor*,Mobility Enhancement Mod*,Restorative Mod,Riven's Curse*,Tier 3 Armor*,Burnished Dreams*,Linear Fusion Dexterity*,Shotgun Dexterity,Traction,Primary Ammo Finder*,Special Ammo Finder
"Young Ahamkara's Spine","4284305242",6917529033288300125,,Exotic,Gauntlets,hunter,327,,,Vault,false,false,1,1,,5,3,0,1,2,,Vanguard Magnus*,Wish-Dragon Teeth*,Mobility Enhancement Mod,Plasteel Reinforcement Mod*,Energy Counterbalance Mod*,Augmented Wish,Momentum Transfer*,Special Ammo Finder*
"Wormhusk Crown","2600992433",6917529065617077226,,Exotic,Helmet,hunter,600,,,Vault,false,false,1,3,,4,5,1,1,2,,Burning Souls*,Plasteel Reinforcement Mod*,Restorative Mod,Resilience Mod*,Midnight Talons*,Bow Targeting*,Hand Cannon Targeting,Hands-On,Shotgun Reserves,Heavy Ammo Finder*
"Skerren Corvus Grasps","4187872788",6917529081067870986,,Legendary,Gauntlets,hunter,10,Arc Damage Resistance,2,Vault,false,false,2,4,Festival of the Lost,N/A,N/A,3,0,0,,Tier 2 Armor*,Mobile Hunter Armor*,Mobility Enhancement Mod*,Plasteel Reinforcement Mod,Auto Rifle Loader,Power Weapon Loader*,Rocket Launcher Scavenger,Shotgun Scavenger*
"Ophidia Spathe","3392742912",6917529082588753942,,Exotic,Chest Armor,hunter,581,,,Vault,false,false,1,3,,5,2,2,1,1,,Scissor Fingers*,Plasteel Reinforcement Mod*,Restorative Mod,Unflinching Auto Rifle Aim*,Unflinching Scout Rifle Aim,Unflinching Energy Aim,Pulse Rifle Reserves*,Submachine Gun Reserves
"Tangled Web Mask","4261835528",6917529085656195123,,Legendary,Helmet,hunter,632,Solar Damage Resistance,2,Vault,false,false,2,4,,N/A,N/A,1,1,1,,Survivalist Hunter Armor*,Plasteel Reinforcement Mod*,Restorative Mod,Tier 2 Armor*,Light Reactor*,Kinetic Weapon Targeting,Fusion Rifle Reserves*,Grenade Launcher Reserves
"Foetracer","1667080809",6917529034241419342,,Exotic,Helmet,hunter,340,,,Vault,false,false,1,1,,5,2,2,0,1,,Dawning Warmth*,Relentless Tracker*,Plasteel Reinforcement Mod*,Restorative Mod,Void Paragon Mod*,Submachine Gun Targeting*,Special Ammo Finder*
"Reverie Dawn Grasps","1705856569",6917529085273764066,,Legendary,Gauntlets,hunter,649,Void Damage Resistance,2,Vault,true,false,2,4,,5,1,2,1,0,,Survivalist Hunter Armor*,Mobility Enhancement Mod*,Plasteel Reinforcement Mod,Riven's Curse*,Tier 2 Armor*,Burnished Dreams*,Momentum Transfer*,Power Weapon Loader,Enhanced Rocket Launcher Loader,Shotgun Scavenger*,Heavy Ammo Finder
"Prodigal Grasps","2762426792",6917529071359422310,,Legendary,Gauntlets,hunter,650,Void Damage Resistance,3,Vault,false,false,2,4,,5,3,1,1,1,,Survivalist Hunter Armor*,Mobility Enhancement Mod,Plasteel Reinforcement Mod*,Super Mod*,Tier 3 Armor*,Iron Battalion*,Linear Fusion Rifle Loader,Shotgun Loader*,Shotgun Scavenger*,Special Ammo Finder
"Scatterhorn Grasps","218523139",6917529084853693434,,Legendary,Gauntlets,hunter,645,Void Damage Resistance,4,Vault,false,false,2,4,,N/A,N/A,2,0,1,,Heavy Hunter Armor*,Mobility Enhancement Mod*,Plasteel Reinforcement Mod,Tier 4 Armor*,Tangled Rust*,Linear Fusion Rifle Loader*,Power Weapon Loader,Fusion Rifle Scavenger*,Sword Scavenger
"Iron Remembrance Strides","3678620931",6917529079432251649,,Legendary,Leg Armor,hunter,530,Arc Damage Resistance,4,Vault,false,false,2,4,,5,1,2,0,1,,Heavy Hunter Armor*,Mobility Enhancement Mod*,Restorative Mod,Tier 4 Armor*,Rusted Iron*,Submachine Gun Dexterity*,Traction,Hand Cannon Scavenger*,Submachine Gun Scavenger
"Reverie Dawn Cloak","3306564654",6917529084800704924,,Legendary,Hunter Cloak,hunter,621,Arc Damage Resistance,1,Vault,true,false,2,4,,N/A,N/A,0,0,0,,Riven's Curse*,Tier 1 Armor*,Burnished Dreams*,Insulation*,Innervation,Absolution,Pulse Rifle Scavenger*,Machine Gun Reserves
"Reverie Dawn Casque","2824453288",6917529082668884814,,Legendary,Helmet,hunter,600,Solar Damage Resistance,2,Vault,true,false,2,4,,5,1,1,1,1,,Survivalist Hunter Armor*,Plasteel Reinforcement Mod*,Restorative Mod,Transcendent Blessing*,Tier 2 Armor*,Kairos Bronze*,Shotgun Targeting,Pump Action*,Scatter Projectile Targeting,Shotgun Reserves*,Sniper Rifle Reserves
"Wing Contender","1127237110",6917529068982983584,,Legendary,Helmet,hunter,631,Solar Damage Resistance,2,Vault,false,false,2,4,,N/A,N/A,1,1,2,,Survivalist Hunter Armor*,Plasteel Reinforcement Mod*,Restorative Mod,Resilience Mod*,Tier 2 Armor*,Hkke History Polish*,Bow Targeting,Scout Rifle Targeting*,Shotgun Reserves,Sniper Rifle Reserves*
"Red Moon Phantom Steps","1432831619",6917529083879067864,,Legendary,Leg Armor,hunter,607,Arc Damage Resistance,1,Vault,false,false,2,4,,N/A,N/A,3,0,0,,Mobile Hunter Armor*,Mobility Enhancement Mod*,Restorative Mod,Tier 1 Armor*,Perpetuation*,Kinetic Dexterity,Arrow Scavenger*,Submachine Gun Scavenger
"Grips of the Great Hunt","196235132",6917529081949160707,,Legendary,Gauntlets,hunter,580,Arc Damage Resistance,2,Vault,false,false,2,4,,N/A,N/A,2,1,0,,Survivalist Hunter Armor*,Mobility Enhancement Mod*,Plasteel Reinforcement Mod,Tier 2 Armor*,Dead Zone Bark*,Scout Rifle Loader,Sniper Rifle Loader*,Power Weapon Loader,Fusion Rifle Scavenger,Grenade Launcher Scavenger*
"Woven Firesmith Mask","3086191374",6917529086099768747,,Legendary,Helmet,hunter,650,Void Damage Resistance,3,Vault,false,false,2,5,,5,3,1,1,1,,Survivalist Hunter Armor*,Plasteel Reinforcement Mod*,Restorative Mod,Tier 3 Armor*,House of Meyrin*,Submachine Gun Targeting*,Kinetic Weapon Targeting,Fusion Rifle Reserves*,Machine Gun Reserves
"Reverie Dawn Casque","2824453288",6917529084353115158,,Legendary,Helmet,hunter,603,Arc Damage Resistance,3,Vault,true,false,2,4,,N/A,N/A,1,1,1,,Survivalist Hunter Armor*,Plasteel Reinforcement Mod*,Restorative Mod,Riven's Curse*,Tier 3 Armor*,Burnished Dreams*,Pulse Rifle Targeting,Heavy Lifting,Enhanced Linear Fusion Targeting*,Sword Reserves*,Machine Gun Reserves
"Reverie Dawn Cloak","3306564654",6917529083908056643,,Legendary,Hunter Cloak,hunter,584,Void Damage Resistance,1,Vault,true,false,2,4,,5,1,0,0,0,,Riven's Curse*,Tier 1 Armor*,Burnished Dreams*,Innervation*,Recuperation,Better Already,Scout Rifle Reserves*,Rocket Launcher Scavenger
"Tangled Web Strides","2206284939",6917529084282240992,,Legendary,Leg Armor,hunter,602,Solar Damage Resistance,4,Vault,false,false,2,4,,N/A,N/A,1,1,1,,Survivalist Hunter Armor*,Mobility Enhancement Mod*,Restorative Mod,Tier 4 Armor*,Bomber*,Energy Dexterity,Hand Cannon Scavenger*,Sidearm Scavenger
"Dragonfly Regalia Wings","3412289997",6917529074883203835,,Legendary,Hunter Cloak,hunter,528,Arc Damage Resistance,3,Vault,false,false,2,4,,N/A,N/A,0,0,0,,Tier 3 Armor*,Dead Zone Bark*,Invigoration,Better Already*,Sniper Rifle Reserves*,Sword Scavenger
"Wing Contender","1127237110",6917529085458094751,,Legendary,Helmet,hunter,626,Solar Damage Resistance,2,Vault,false,false,2,4,,5,1,1,1,1,,Survivalist Hunter Armor*,Plasteel Reinforcement Mod*,Restorative Mod,Tier 2 Armor*,Crucible Legacy*,Remote Connection*,Energy Weapon Targeting,Fusion Rifle Reserves*,Heavy Ammo Finder
"Cloak of the Great Hunt","1314563129",6917529083945375159,,Legendary,Hunter Cloak,hunter,589,Void Damage Resistance,3,Vault,false,false,2,4,,5,2,0,0,0,,Tier 3 Armor*,Insulation*,Innervation,Better Already,Fusion Rifle Scavenger*,Special Ammo Finder
"Reverie Dawn Grasps","1705856569",6917529080545943532,,Legendary,Gauntlets,hunter,573,Solar Damage Resistance,2,Vault,true,false,2,4,,5,1,2,1,0,,Survivalist Hunter Armor*,Mobility Enhancement Mod*,Plasteel Reinforcement Mod,Riven's Curse*,Tier 2 Armor*,Burnished Dreams*,Grenade Launcher Loader*,Impact Induction,Rifle Loader,Sniper Rifle Scavenger*,Heavy Ammo Finder
"Tangled Web Mask","4261835528",6917529085830149385,,Legendary,Helmet,hunter,630,Arc Damage Resistance,2,Vault,false,false,2,4,,N/A,N/A,1,1,1,,Survivalist Hunter Armor*,Plasteel Reinforcement Mod*,Restorative Mod,Tier 2 Armor*,Bow Targeting*,Hands-On,Grenade Launcher Reserves*,Special Ammo Finder
"Reverie Dawn Grasps","1705856569",6917529083098986771,,Legendary,Gauntlets,hunter,600,Solar Damage Resistance,1,Vault,true,false,2,4,,5,1,2,1,0,,Survivalist Hunter Armor*,Mobility Enhancement Mod*,Plasteel Reinforcement Mod,Riven's Curse*,Tier 1 Armor*,Burnished Dreams*,Grenade Launcher Loader*,Hand Cannon Loader,Momentum Transfer,Shotgun Scavenger*,Heavy Ammo Finder
"Strides of the Great Hunt","3494130310",6917529084926821860,,Legendary,Leg Armor,hunter,618,Solar Damage Resistance,3,Vault,false,false,2,4,,N/A,N/A,1,1,1,,Survivalist Hunter Armor*,Mobility Enhancement Mod*,Plasteel Reinforcement Mod,Tier 3 Armor*,Submachine Gun Dexterity*,Bomber,Rifle Dexterity,Pulse Rifle Scavenger*,Sidearm Scavenger
"Cloak of Five Full Moons","32806262",6917529085697787681,,Legendary,Hunter Cloak,hunter,634,Void Damage Resistance,4,Vault,false,false,2,4,,N/A,N/A,0,0,0,,Tier 4 Armor*,Recuperation*,Better Already,Rocket Launcher Reserves*,Sidearm Scavenger
"Reverie Dawn Casque","2824453288",6917529084601348191,,Legendary,Helmet,hunter,615,Solar Damage Resistance,1,Vault,true,false,2,4,,5,3,1,1,1,,Survivalist Hunter Armor*,Plasteel Reinforcement Mod*,Restorative Mod,Riven's Curse*,Tier 1 Armor*,Burnished Dreams*,Bow Targeting*,Shotgun Targeting,Machine Gun Targeting,Fusion Rifle Reserves*,Shotgun Reserves
"Vanguard Dare Boots","3576712697",6917529084971511894,,Legendary,Leg Armor,hunter,10,Solar Damage Resistance,1,Vault,false,false,2,5,,N/A,N/A,1,1,1,,Tier 1 Armor*,Survivalist Hunter Armor*,Mobility Enhancement Mod*,Restorative Mod,Linear Fusion Dexterity*,Perpetuation,Arrow Scavenger*,Sidearm Scavenger
"Vanguard Dare Grips","1768177879",6917529083905181670,,Legendary,Gauntlets,hunter,10,Arc Damage Resistance,1,Vault,false,false,2,5,,N/A,N/A,2,1,0,,Tier 1 Armor*,Survivalist Hunter Armor*,Mobility Enhancement Mod*,Plasteel Reinforcement Mod,Impact Induction*,Power Weapon Loader,Fusion Rifle Scavenger*,Sniper Rifle Scavenger
"Sealed Ahamkara Grasps","2166230715",6917529071616265171,,Exotic,Gauntlets,hunter,509,,,Vault,false,false,1,3,,5,2,2,0,1,,Nightmare Fuel*,Mobility Enhancement Mod*,Plasteel Reinforcement Mod,Super Mod*,Scout Rifle Loader*,Light Arms Loader,Enhanced Momentum Transfer,Rocket Launcher Scavenger,Special Ammo Finder*
"Scatterhorn Mask","2276115770",6917529083884347820,,Legendary,Helmet,hunter,650,Arc Damage Resistance,2,Vault,false,false,2,4,,N/A,N/A,1,0,2,,Heavy Hunter Armor*,Plasteel Reinforcement Mod*,Restorative Mod,Tier 2 Armor*,Tangled Rust*,Remote Connection*,Machine Gun Targeting,Grenade Launcher Reserves*,Machine Gun Reserves
"Red Moon Phantom Steps","1432831619",6917529086126006113,,Legendary,Leg Armor,hunter,634,Solar Damage Resistance,2,Vault,false,false,2,4,,N/A,N/A,3,0,0,,Mobile Hunter Armor*,Mobility Enhancement Mod*,Restorative Mod,Tier 2 Armor*,Outreach*,Dynamo,Pulse Rifle Scavenger*,Special Ammo Finder
"St0mp-EE5","1245809814",6917529086304705740,,Exotic,Leg Armor,hunter,631,,,Vault,false,false,1,1,,5,2,3,0,0,,Hydraulic Boosters*,Mobility Enhancement Mod*,Plasteel Reinforcement Mod,Pulse Rifle Dexterity*,Oversize Weapon Dexterity,Distribution,Arrow Scavenger*,Pulse Rifle Scavenger,Turbo-Kickers
"Prodigal Strides","3397835010",6917529085495458942,,Legendary,Leg Armor,hunter,627,Arc Damage Resistance,3,Vault,false,false,2,4,,N/A,N/A,1,1,1,,Survivalist Hunter Armor*,Mobility Enhancement Mod*,Restorative Mod,Tier 3 Armor*,Bomber*,Outreach,Sidearm Scavenger*,Special Ammo Finder
"Prodigal Mask","4104298449",6917529084916487653,,Legendary,Helmet,hunter,629,Arc Damage Resistance,1,Vault,false,false,2,4,,5,1,1,1,1,,Survivalist Hunter Armor*,Plasteel Reinforcement Mod*,Restorative Mod,Tier 1 Armor*,Sidearm Targeting*,Ashes to Assets,Grenade Launcher Reserves*,Shotgun Reserves
"Red Moon Phantom Steps","1432831619",6917529085409640825,,Legendary,Leg Armor,hunter,633,Void Damage Resistance,1,Vault,false,false,2,4,,N/A,N/A,3,0,0,,Mobile Hunter Armor*,Mobility Enhancement Mod*,Restorative Mod,Tier 1 Armor*,Grenade Launcher Dexterity*,Hand Cannon Dexterity,Submachine Gun Scavenger*,Primary Ammo Finder
"Reverie Dawn Strides","344548395",6917529085960175305,,Legendary,Leg Armor,hunter,650,Void Damage Resistance,1,Vault,true,false,2,4,,5,3,2,1,1,,Survivalist Hunter Armor*,Mobility Enhancement Mod*,Restorative Mod,Riven's Curse*,Tier 1 Armor*,Burnished Dreams*,Traction*,Outreach,Light Arms Dexterity,Scout Rifle Scavenger,Special Ammo Finder*
"Reverie Dawn Cloak","3306564654",6917529084534585773,,Legendary,Hunter Cloak,hunter,613,Void Damage Resistance,2,Vault,true,false,2,4,,5,1,0,0,0,,Riven's Curse*,Tier 2 Armor*,Burnished Dreams*,Insulation*,Invigoration,Better Already,Fusion Rifle Reserves*,Shotgun Scavenger
"Reverie Dawn Casque","2824453288",6917529086085363950,,Legendary,Helmet,hunter,631,Void Damage Resistance,3,Vault,true,false,2,4,,5,2,1,1,1,,Survivalist Hunter Armor*,Plasteel Reinforcement Mod*,Restorative Mod,Riven's Curse*,Tier 3 Armor*,Burnished Dreams*,Light Reactor*,Kinetic Weapon Targeting,Precision Weapon Targeting,Rocket Launcher Reserves*,Special Ammo Finder
"Prodigal Cloak","1693706589",6917529083401241049,,Legendary,Hunter Cloak,hunter,617,Solar Damage Resistance,3,Vault,false,false,2,4,,N/A,N/A,0,0,0,,Tier 3 Armor*,Innervation,Better Already*,Rocket Launcher Reserves*,Sword Reserves
"Reverie Dawn Strides","344548395",6917529086013942993,,Legendary,Leg Armor,hunter,631,Arc Damage Resistance,2,Vault,false,false,2,4,,5,1,1,1,1,,Survivalist Hunter Armor*,Mobility Enhancement Mod*,Restorative Mod,Riven's Curse*,Tier 2 Armor*,Burnished Dreams*,Auto Rifle Dexterity,Traction,Distribution*,Arrow Scavenger*,Scout Rifle Scavenger
"Reverie Dawn Grasps","1705856569",6917529084534586601,,Legendary,Gauntlets,hunter,614,Void Damage Resistance,3,Vault,true,false,2,4,,N/A,N/A,2,1,0,,Survivalist Hunter Armor*,Mobility Enhancement Mod*,Plasteel Reinforcement Mod,Riven's Curse*,Tier 3 Armor*,Burnished Dreams*,Bow Reloader*,Hand Cannon Loader,Fastball,Rocket Launcher Scavenger*,Shotgun Scavenger
"The Dragon's Shadow","419976108",6917529044151133797,,Exotic,Chest Armor,hunter,600,,,Vault,false,false,1,1,,5,2,1,1,2,,Rusted Iron*,Wraithmetal Mail*,Plasteel Reinforcement Mod,Restorative Mod*,Impact Mod*,Tiamat,Unflinching Submachine Gun Aim*,Primary Ammo Finder*
"Reverie Dawn Grasps","1705856569",6917529079548043854,,Legendary,Gauntlets,hunter,533,Solar Damage Resistance,3,Vault,true,false,2,4,,5,1,2,1,0,,Survivalist Hunter Armor*,Mobility Enhancement Mod*,Plasteel Reinforcement Mod,Riven's Curse*,Tier 3 Armor*,Burnished Dreams*,Fastball,Momentum Transfer*,Enhanced Impact Induction,Rocket Launcher Scavenger,Heavy Ammo Finder*
"Reverie Dawn Grasps","1705856569",6917529084525170231,,Legendary,Gauntlets,hunter,629,Arc Damage Resistance,2,Vault,true,false,2,4,,N/A,N/A,2,1,0,,Survivalist Hunter Armor*,Mobility Enhancement Mod*,Plasteel Reinforcement Mod,Riven's Curse*,Tier 2 Armor*,Burnished Dreams*,Fusion Rifle Loader*,Submachine Gun Loader,Fastball,Grenade Launcher Scavenger*,Sniper Rifle Scavenger
"Abhorrent Imperative Grasps","191708423",6917529085129024077,,Legendary,Gauntlets,hunter,380,,,Vault,false,false,1,3,,N/A,N/A,2,0,1,,Heavy Hunter Armor*,Mobility Enhancement Mod*,Plasteel Reinforcement Mod,Masterwork Upgrade*
"Knucklehead Radar","1667080811",6917529085771704346,,Exotic,Helmet,hunter,631,,,Vault,false,false,1,1,,4.7,6,1,0,2,,Upgraded Sensor Pack*,Plasteel Reinforcement Mod*,Restorative Mod,Fusion Rifle Targeting*,Hand Cannon Targeting,Hands-On,Sniper Rifle Reserves*,Machine Gun Reserves
"Reverie Dawn Hauberk","1593474975",6917529083264338855,,Legendary,Chest Armor,hunter,600,Solar Damage Resistance,2,Vault,true,false,2,4,,N/A,N/A,1,1,2,,Survivalist Hunter Armor*,Plasteel Reinforcement Mod*,Restorative Mod,Riven's Curse*,Tier 2 Armor*,Burnished Dreams*,Unflinching Sidearm Aim,Unflinching Submachine Gun Aim,Enhanced Unflinching Scout Rifle Aim*,Bow Reserves,Sidearm Reserves*
"Reverie Dawn Hauberk","1593474975",6917529083960990450,,Legendary,Chest Armor,hunter,607,Arc Damage Resistance,1,Vault,true,false,2,4,,N/A,N/A,1,2,2,,Survivalist Hunter Armor*,Plasteel Reinforcement Mod*,Restorative Mod,Recovery Mod*,Tier 1 Armor*,Iron Battalion*,Unflinching Auto Rifle Aim,Enhanced Unflinching Bow Aim*,Enhanced Unflinching Sniper Aim,Auto Rifle Reserves,Hand Cannon Reserves*
"Reverie Dawn Casque","2824453288",6917529083969547652,,Legendary,Helmet,hunter,589,Void Damage Resistance,2,Vault,true,false,2,4,,5,3,1,1,1,,Survivalist Hunter Armor*,Plasteel Reinforcement Mod*,Restorative Mod,Riven's Curse*,Tier 2 Armor*,Burnished Dreams*,Light Reactor*,Hands-On,Scatter Projectile Targeting,Grenade Launcher Reserves*,Linear Fusion Rifle Reserves
"Lucky Raspberry","419976111",6917529083428339367,,Exotic,Chest Armor,hunter,600,,,Vault,false,false,1,1,,4.5,6,2,0,2,,Probability Matrix*,Plasteel Reinforcement Mod*,Restorative Mod,Unflinching Energy Aim*,Unflinching Rifle Aim,Unflinching Large Arms,Bow Reserves*,Primary Ammo Finder
"Prodigal Strides","3397835010",6917529085312747967,,Legendary,Leg Armor,hunter,631,Arc Damage Resistance,1,Vault,false,false,2,4,,N/A,N/A,1,1,1,,Survivalist Hunter Armor*,Mobility Enhancement Mod*,Restorative Mod,Tier 1 Armor*,Sniper Rifle Dexterity*,Oversize Weapon Dexterity,Arrow Scavenger*,Special Ammo Finder
"Reverie Dawn Casque","2824453288",6917529083969548769,,Legendary,Helmet,hunter,609,Void Damage Resistance,1,Vault,true,false,2,4,,N/A,N/A,1,2,0,,Survivalist Hunter Armor*,Plasteel Reinforcement Mod,Restorative Mod*,Riven's Curse*,Tier 1 Armor*,Rusted Iron*,Submachine Gun Targeting,Precision Weapon Targeting*,Machine Gun Targeting,Linear Fusion Rifle Reserves*,Sniper Rifle Reserves
"Reverie Dawn Hauberk","1593474975",6917529084986765179,,Legendary,Chest Armor,hunter,626,Solar Damage Resistance,1,Vault,true,false,2,4,,5,1,1,1,2,,Survivalist Hunter Armor*,Plasteel Reinforcement Mod*,Restorative Mod,Riven's Curse*,Tier 1 Armor*,Burnished Dreams*,Unflinching Kinetic Aim*,Unflinching Energy Aim,Enhanced Unflinching Sniper Aim,Pulse Rifle Reserves*,Special Ammo Finder
"Ancient Apocalypse Cloak","3184912423",6917529083887728264,,Legendary,Hunter Cloak,hunter,630,Void Damage Resistance,2,Vault,false,false,2,4,,N/A,N/A,0,0,0,,Tier 2 Armor*,Gambit Leather*,Recuperation*,Better Already,Fusion Rifle Reserves*,Sword Reserves
"Reverie Dawn Casque","2824453288",6917529084202930831,,Legendary,Helmet,hunter,597,Arc Damage Resistance,1,Vault,true,false,2,4,,5,3,1,1,1,,Survivalist Hunter Armor*,Plasteel Reinforcement Mod*,Restorative Mod,Riven's Curse*,Tier 1 Armor*,Burnished Dreams*,Submachine Gun Targeting*,Hands-On,Pump Action,Grenade Launcher Reserves*,Special Ammo Finder
"Reverie Dawn Strides","344548395",6917529079550967901,,Legendary,Leg Armor,hunter,600,Solar Damage Resistance,1,Vault,true,false,2,4,,N/A,N/A,1,1,1,,Survivalist Hunter Armor*,Mobility Enhancement Mod*,Restorative Mod,Riven's Curse*,Tier 1 Armor*,Burnished Dreams*,Sniper Rifle Dexterity*,Bomber,Dynamo,Sidearm Scavenger*,Submachine Gun Scavenger
"Reverie Dawn Grasps","1705856569",6917529084205640993,,Legendary,Gauntlets,hunter,598,Void Damage Resistance,3,Vault,true,false,2,4,,N/A,N/A,2,1,0,,Survivalist Hunter Armor*,Mobility Enhancement Mod*,Plasteel Reinforcement Mod,Riven's Curse*,Tier 3 Armor*,Burnished Dreams*,Hand Cannon Loader*,Impact Induction,Rifle Loader,Linear Fusion Rifle Scavenger*,Sniper Rifle Scavenger
"Reverie Dawn Grasps","1705856569",6917529084537228464,,Legendary,Gauntlets,hunter,609,Solar Damage Resistance,2,Vault,true,false,2,4,,N/A,N/A,2,1,0,,Survivalist Hunter Armor*,Mobility Enhancement Mod*,Plasteel Reinforcement Mod,Riven's Curse*,Tier 2 Armor*,Burnished Dreams*,Fastball*,Momentum Transfer,Light Arms Loader,Fusion Rifle Scavenger*,Sniper Rifle Scavenger
"Wing Contender","1127237110",6917529085550932160,,Legendary,Helmet,hunter,631,Void Damage Resistance,2,Vault,false,false,2,4,,5,1,1,1,1,,Survivalist Hunter Armor*,Plasteel Reinforcement Mod*,Restorative Mod,Tier 2 Armor*,Crucible Legacy*,Ashes to Assets*,Hands-On,Shotgun Reserves*,Special Ammo Finder
"Reverie Dawn Hauberk","1593474975",6917529085789899568,,Legendary,Chest Armor,hunter,632,Void Damage Resistance,2,Vault,true,false,2,4,,5,1,1,1,2,,Survivalist Hunter Armor*,Plasteel Reinforcement Mod*,Restorative Mod,Riven's Curse*,Tier 2 Armor*,Burnished Dreams*,Unflinching Hand Cannon Aim*,Unflinching Kinetic Aim,Unflinching Machine Gun,Scout Rifle Reserves*,Submachine Gun Reserves
"Tangled Web Strides","2206284939",6917529085151742817,,Legendary,Leg Armor,hunter,627,Solar Damage Resistance,2,Vault,false,false,2,4,,N/A,N/A,1,1,1,,Survivalist Hunter Armor*,Mobility Enhancement Mod*,Restorative Mod,Tier 2 Armor*,Bow Dexterity*,Fusion Rifle Dexterity,Arrow Scavenger*,Hand Cannon Scavenger
"Tangled Web Mask","4261835528",6917529085777743657,,Legendary,Helmet,hunter,629,Arc Damage Resistance,1,Vault,false,false,2,4,,N/A,N/A,1,1,1,,Survivalist Hunter Armor*,Plasteel Reinforcement Mod*,Restorative Mod,Tier 1 Armor*,Hand Cannon Targeting*,Sidearm Targeting,Fusion Rifle Reserves*,Machine Gun Reserves
"Red Moon Phantom Mask","3994031968",6917529085553756823,,Legendary,Helmet,hunter,632,Void Damage Resistance,1,Vault,false,false,2,4,,N/A,N/A,2,0,1,,Mobile Hunter Armor*,Plasteel Reinforcement Mod*,Restorative Mod,Tier 1 Armor*,Remote Connection*,Scatter Projectile Targeting,Fusion Rifle Reserves*,Shotgun Reserves
"Wing Contender","3211001969",6917529086278883300,,Legendary,Chest Armor,hunter,650,Solar Damage Resistance,1,Vault,false,false,2,4,,N/A,N/A,1,1,2,,Survivalist Hunter Armor*,Plasteel Reinforcement Mod*,Restorative Mod,Tier 1 Armor*,Crucible Metallic*,Unflinching Fusion Rifle Aim*,Unflinching Light Arms Aim,Submachine Gun Reserves*,Special Ammo Finder
"Reverie Dawn Cloak","3306564654",6917529084607749082,,Legendary,Hunter Cloak,hunter,635,Solar Damage Resistance,1,Vault,true,false,2,4,,N/A,N/A,0,0,0,,Resilience Mod*,Tier 1 Armor*,Iron Battalion*,Insulation,Invigoration,Better Already*,Shotgun Reserves*,Heavy Ammo Finder
"Vanguard Dare Vest","3422717473",6917529083908054213,,Legendary,Chest Armor,hunter,10,Arc Damage Resistance,1,Vault,false,false,2,5,,N/A,N/A,1,1,2,,Tier 1 Armor*,Survivalist Hunter Armor*,Plasteel Reinforcement Mod*,Restorative Mod,Unflinching Bow Aim*,Unflinching Rifle Aim,Bow Reserves*,Special Ammo Finder
"Iron Remembrance Vest","279785447",6917529079619592934,,Legendary,Chest Armor,hunter,533,Arc Damage Resistance,1,Vault,false,false,2,4,,N/A,N/A,1,0,3,,Heavy Hunter Armor*,Plasteel Reinforcement Mod*,Restorative Mod,Tier 1 Armor*,Rusted Iron*,Unflinching Fusion Rifle Aim*,Unflinching Sniper Aim,Pulse Rifle Reserves*,Submachine Gun Reserves
"Reverie Dawn Hauberk","1593474975",6917529073835005351,,Legendary,Chest Armor,hunter,613,Solar Damage Resistance,1,Vault,true,false,2,4,,5,1,1,1,2,,Survivalist Hunter Armor*,Plasteel Reinforcement Mod*,Restorative Mod,Riven's Curse*,Tier 1 Armor*,Burnished Dreams*,Unflinching Grenade Launcher Aim,Unflinching Kinetic Aim*,Unflinching Rifle Aim,Bow Reserves*,Sidearm Reserves
"Iron Remembrance Casque","1944853984",6917529071939035354,,Legendary,Helmet,hunter,600,Solar Damage Resistance,3,Vault,false,false,2,4,,N/A,N/A,1,1,1,,Heavy Hunter Armor*,Plasteel Reinforcement Mod,Restorative Mod*,Paragon Mod*,Tier 3 Armor*,Arctic Dreamscape*,Hand Cannon Targeting,Shotgun Targeting*,Grenade Launcher Reserves*,Heavy Ammo Finder
"Woven Firesmith Cape","4106007668",6917529084806220373,,Legendary,Hunter Cloak,hunter,646,Void Damage Resistance,1,Vault,false,false,2,5,,1,8,0,0,0,,Recovery Mod*,Tier 1 Armor*,New Age Black Armory*,Recuperation,Better Already*,Shotgun Reserves*,Hand Cannon Scavenger
"Prodigal Cloak","1693706589",6917529085458097537,,Legendary,Hunter Cloak,hunter,624,Arc Damage Resistance,1,Vault,false,false,2,4,,N/A,N/A,0,0,0,,Tier 1 Armor*,Insulation*,Invigoration,Pulse Rifle Scavenger*,Rocket Launcher Scavenger
"Reverie Dawn Grasps","1705856569",6917529084610851786,,Legendary,Gauntlets,hunter,613,Arc Damage Resistance,1,Vault,true,false,2,4,,N/A,N/A,2,1,0,,Survivalist Hunter Armor*,Mobility Enhancement Mod*,Plasteel Reinforcement Mod,Riven's Curse*,Tier 1 Armor*,Burnished Dreams*,Bow Reloader*,Kinetic Weapon Loader,Machine Gun Loader,Rocket Launcher Scavenger*,Sword Scavenger
"Reverie Dawn Casque","2824453288",6917529084531214571,,Legendary,Helmet,hunter,610,Arc Damage Resistance,1,Vault,true,false,2,4,,5,1,1,1,1,,Survivalist Hunter Armor*,Plasteel Reinforcement Mod*,Restorative Mod,Riven's Curse*,Tier 1 Armor*,Burnished Dreams*,Auto Rifle Targeting,Ashes to Assets,Enhanced Sniper Rifle Targeting*,Heavy Ammo Finder*,Machine Gun Reserves
"Reverie Dawn Cloak","3306564654",6917529083157534485,infuse,Legendary,Hunter Cloak,hunter,608,Void Damage Resistance,2,Vault,false,false,2,4,,5,1,0,0,0,,Riven's Curse*,Tier 2 Armor*,Burnished Dreams*,Insulation*,Invigoration,Recuperation,Linear Fusion Rifle Scavenger*,Special Ammo Finder
"Reverie Dawn Casque","2824453288",6917529084543223866,,Legendary,Helmet,hunter,612,Void Damage Resistance,2,Vault,true,false,2,4,,5,1,1,1,1,,Survivalist Hunter Armor*,Plasteel Reinforcement Mod*,Restorative Mod,Riven's Curse*,Tier 2 Armor*,Burnished Dreams*,Fusion Rifle Targeting*,Shotgun Targeting,Pump Action,Linear Fusion Rifle Reserves*,Special Ammo Finder
"Reverie Dawn Grasps","1705856569",6917529085873134733,,Legendary,Gauntlets,hunter,630,Void Damage Resistance,1,Vault,true,false,2,4,,N/A,N/A,2,1,0,,Survivalist Hunter Armor*,Mobility Enhancement Mod*,Plasteel Reinforcement Mod,Riven's Curse*,Tier 1 Armor*,Burnished Dreams*,Auto Rifle Loader*,Shotgun Loader,Energy Weapon Loader,Linear Fusion Rifle Scavenger*,Special Ammo Finder
"Wing Contender","1069887756",6917529086264855104,,Legendary,Hunter Cloak,hunter,631,Void Damage Resistance,1,Vault,false,false,2,4,,N/A,N/A,0,0,0,,Tier 1 Armor*,Crucible Legacy*,Recuperation*,Better Already,Sidearm Reserves*,Submachine Gun Reserves
"Vigil of Heroes","575676771",6917529086264858782,,Legendary,Helmet,hunter,631,Void Damage Resistance,1,Vault,false,false,2,4,,5,1,1,0,2,,Heavy Hunter Armor*,Plasteel Reinforcement Mod*,Restorative Mod,Tier 1 Armor*,Vanguard Veteran*,Auto Rifle Targeting*,Kinetic Weapon Targeting,Rocket Launcher Reserves*,Sniper Rifle Reserves
"Frostveil Boots","2311506225",6917529085981021465,,Legendary,Leg Armor,hunter,10,Void Damage Resistance,1,Vault,false,false,2,5,Dawning,N/A,N/A,2,0,1,,Tier 1 Armor*,Heavy Hunter Armor*,Mobility Enhancement Mod*,Restorative Mod,Pulse Rifle Dexterity*,Rocket Launcher Dexterity,Hand Cannon Scavenger*,Submachine Gun Scavenger
"Frostveil Cloak","3301429924",6917529084570507002,,Legendary,Hunter Cloak,hunter,10,Void Damage Resistance,1,Vault,false,false,2,5,Dawning,N/A,N/A,0,0,0,,Tier 1 Armor*,Nebula Rose*,Insulation*,Innervation,Pulse Rifle Scavenger*,Machine Gun Reserves
"Prodigal Mask","4104298449",6917529085591175268,,Legendary,Helmet,hunter,631,Arc Damage Resistance,1,Vault,false,false,2,4,,5,2,1,1,1,,Survivalist Hunter Armor*,Plasteel Reinforcement Mod*,Restorative Mod,Tier 1 Armor*,Sniper Rifle Targeting*,Pump Action,Grenade Launcher Reserves*,Special Ammo Finder
"Reverie Dawn Strides","344548395",6917529084436930055,,Legendary,Leg Armor,hunter,605,Solar Damage Resistance,3,Vault,true,false,2,4,,N/A,N/A,1,1,1,,Survivalist Hunter Armor*,Mobility Enhancement Mod*,Restorative Mod,Riven's Curse*,Tier 3 Armor*,Burnished Dreams*,Outreach,Dynamo,Enhanced Sniper Rifle Dexterity*,Arrow Scavenger,Hand Cannon Scavenger*
"Abhorrent Imperative Strides","3663938889",6917529084102071083,,Legendary,Leg Armor,hunter,380,,,Vault,false,false,1,3,,5,1,2,0,1,,Heavy Hunter Armor*,Mobility Enhancement Mod*,Plasteel Reinforcement Mod,Masterwork Upgrade*
"Ancient Apocalypse Strides","1169857924",6917529084056257210,,Legendary,Leg Armor,hunter,650,Void Damage Resistance,1,Vault,false,false,2,4,,N/A,N/A,3,0,0,,Mobile Hunter Armor*,Mobility Enhancement Mod*,Plasteel Reinforcement Mod,Paragon Mod*,Tier 1 Armor*,Rusted Iron*,Hand Cannon Dexterity,Perpetuation*,Hand Cannon Scavenger*,Submachine Gun Scavenger
"Frostveil Grasps","1695429263",6917529085793024427,,Legendary,Gauntlets,hunter,10,Solar Damage Resistance,4,Vault,false,false,2,5,Dawning,N/A,N/A,2,0,1,,Tier 4 Armor*,Heavy Hunter Armor*,Mobility Enhancement Mod*,Plasteel Reinforcement Mod,Nebula Rose*,Shotgun Loader*,Momentum Transfer,Grenade Launcher Scavenger*,Machine Gun Scavenger
"Reverie Dawn Grasps","1705856569",6917529086016972130,,Legendary,Gauntlets,hunter,620,Arc Damage Resistance,1,Vault,true,false,2,4,,N/A,N/A,2,1,0,,Survivalist Hunter Armor*,Mobility Enhancement Mod*,Plasteel Reinforcement Mod,Riven's Curse*,Tier 1 Armor*,Burnished Dreams*,Hand Cannon Loader*,Kinetic Weapon Loader,Energy Weapon Loader,Fusion Rifle Scavenger*,Sniper Rifle Scavenger
"Tangled Web Grips","3609169817",6917529086016981671,,Legendary,Gauntlets,hunter,630,Arc Damage Resistance,2,Vault,false,false,2,4,,N/A,N/A,2,1,0,,Survivalist Hunter Armor*,Mobility Enhancement Mod*,Plasteel Reinforcement Mod,Super Mod*,Tier 2 Armor*,Grenade Launcher Loader*,Machine Gun Loader,Fusion Rifle Scavenger*,Sword Scavenger
"Prodigal Vest","2766448160",6917529086023017662,,Legendary,Chest Armor,hunter,627,Solar Damage Resistance,1,Vault,false,false,2,4,,5,1,1,1,2,,Survivalist Hunter Armor*,Plasteel Reinforcement Mod*,Restorative Mod,Tier 1 Armor*,Unflinching Auto Rifle Aim*,Unflinching Linear Fusion Aim,Submachine Gun Reserves*,Primary Ammo Finder
"Reverie Dawn Strides","344548395",6917529086227707071,,Legendary,Leg Armor,hunter,650,Void Damage Resistance,1,Vault,true,false,2,4,,5,4,1,1,1,,Survivalist Hunter Armor*,Mobility Enhancement Mod*,Restorative Mod,Riven's Curse*,Tier 1 Armor*,Blueshift Dreams*,Auto Rifle Dexterity*,Perpetuation,Traction,Primary Ammo Finder*,Special Ammo Finder
"Reverie Dawn Strides","344548395",6917529086013950635,,Legendary,Leg Armor,hunter,635,Solar Damage Resistance,3,Vault,true,false,2,4,,5,1,1,1,1,,Survivalist Hunter Armor*,Mobility Enhancement Mod*,Restorative Mod,Riven's Curse*,Tier 3 Armor*,Burnished Dreams*,Sniper Rifle Dexterity*,Perpetuation,Enhanced Rocket Launcher Dexterity,Arrow Scavenger*,Submachine Gun Scavenger
"Reverie Dawn Strides","344548395",6917529085460960624,,Legendary,Leg Armor,hunter,635,Arc Damage Resistance,2,Vault,true,false,2,4,,5,1,1,1,1,,Survivalist Hunter Armor*,Mobility Enhancement Mod*,Restorative Mod,Riven's Curse*,Tier 2 Armor*,Burnished Dreams*,Perpetuation*,Bomber,Machine Gun Dexterity,Scout Rifle Scavenger*,Submachine Gun Scavenger
"Reverie Dawn Strides","344548395",6917529080843711636,,Legendary,Leg Armor,hunter,636,Solar Damage Resistance,1,Vault,true,false,2,4,,5,1,0,2,1,,Survivalist Hunter Armor*,Mobility Enhancement Mod,Restorative Mod*,Paragon Mod*,Tier 1 Armor*,New Age Black Armory*,Bow Dexterity,Bomber,Enhanced Hand Cannon Dexterity*,Auto Rifle Scavenger*,Sidearm Scavenger
"Cloak of Remembrance","995283190",6917529072037855550,,Legendary,Hunter Cloak,hunter,500,Solar Damage Resistance,1,Vault,false,false,2,4,,N/A,N/A,0,0,0,,Super Mod*,Tier 1 Armor*,Nebula Rose*,Insulation,Better Already*,Linear Fusion Rifle Scavenger,Sidearm Scavenger*
